Aged 2nd H,,,,,,,
T (K),V (mm3),,,,,,
573.126959,129.454387,,,,,,
573.264624,129.453874,,,,,,
573.326361,129.454899,,,,,,
573.564612,129.455923,,,,,,
573.708075,129.456948,,,,,,
573.970404,129.458485,,,,,,
574.254553,129.459407,,,,,,
574.182623,129.460227,,,,,,
574.462775,129.461251,,,,,,
574.631171,129.463096,,,,,,
574.869238,129.464018,,,,,,
574.981787,129.465145,,,,,,
575.166235,129.466272,,,,,,
575.244818,129.466374,,,,,,
575.429175,129.468936,,,,,,
575.631445,129.469448,,,,,,
575.929175,129.470166,,,,,,
575.831427,129.472010,,,,,,
576.137183,129.472420,,,,,,
576.163031,129.473444,,,,,,
576.520453,129.473342,,,,,,
576.545050,129.476109,,,,,,
576.835944,129.477646,,,,,,
576.899298,129.478363,,,,,,
577.013037,129.478773,,,,,,
577.191016,129.480822,,,,,,
577.554449,129.481130,,,,,,
577.489386,129.482052,,,,,,
577.493414,129.482974,,,,,,
577.817969,129.484511,,,,,,
578.186713,129.484409,,,,,,
578.548621,129.486458,,,,,,
578.385535,129.487585,,,,,,
578.555731,129.489532,,,,,,
578.953253,129.490147,,,,,,
578.962164,129.490865,,,,,,
579.130133,129.491377,,,,,,
579.327917,129.493222,,,,,,
579.348883,129.493836,,,,,,
579.608130,129.495374,,,,,,
579.780066,129.497423,,,,,,
579.698553,129.498243,,,,,,
580.055273,129.499165,,,,,,
580.212042,129.499165,,,,,,
580.289526,129.501215,,,,,,
580.562842,129.501420,,,,,,
580.675909,129.501830,,,,,,
580.951941,129.504289,,,,,,
581.024420,129.504904,,,,,,
581.311469,129.507466,,,,,,
581.493933,129.507671,,,,,,
581.510840,129.509414,,,,,,
581.928595,129.509926,,,,,,
581.800513,129.510848,,,,,,
582.079413,129.512693,,,,,,
582.189673,129.513206,,,,,,
582.396002,129.514845,,,,,,
582.384039,129.516485,,,,,,
582.844275,129.517408,,,,,,
582.886969,129.518228,,,,,,
582.987036,129.518433,,,,,,
583.329291,129.520687,,,,,,
583.539496,129.522532,,,,,,
583.729773,129.522532,,,,,,
583.895453,129.523147,,,,,,
583.977698,129.523455,,,,,,
584.077673,129.525710,,,,,,
584.179846,129.526940,,,,,,
584.501929,129.529092,,,,,,
584.709845,129.530014,,,,,,
584.771552,129.531449,,,,,,
584.932806,129.531244,,,,,,
585.157874,129.531859,,,,,,
585.356848,129.532474,,,,,,
585.409247,129.534012,,,,,,
585.605444,129.535242,,,,,,
585.698676,129.536779,,,,,,
585.825232,129.538112,,,,,,
586.076849,129.538317,,,,,,
586.142126,129.539957,,,,,,
586.484717,129.539649,,,,,,
586.571692,129.541597,,,,,,
586.810370,129.542314,,,,,,
586.973639,129.543647,,,,,,
587.124915,129.545082,,,,,,
587.301031,129.546415,,,,,,
587.429663,129.547645,,,,,,
587.638525,129.548055,,,,,,
587.767981,129.548977,,,,,,
587.814520,129.551130,,,,,,
588.034094,129.551335,,,,,,
588.235815,129.553385,,,,,,
588.455237,129.554308,,,,,,
588.740210,129.556153,,,,,,
588.756140,129.556050,,,,,,
588.924994,129.558921,,,,,,
589.142584,129.558408,,,,,,
589.283942,129.558818,,,,,,
589.460730,129.561894,,,,,,
589.686224,129.563431,,,,,,
589.773016,129.563534,,,,,,
589.816473,129.565174,,,,,,
590.343085,129.565892,,,,,,
590.245215,129.566507,,,,,,
590.449805,129.566814,,,,,,
590.672064,129.568044,,,,,,
590.672064,129.569992,,,,,,
591.052313,129.569480,,,,,,
591.062079,129.572965,,,,,,
591.344489,129.574196,,,,,,
591.310858,129.574606,,,,,,
591.468878,129.576451,,,,,,
591.773260,129.575938,,,,,,
591.918066,129.578809,,,,,,
592.117529,129.578399,,,,,,
592.158698,129.579219,,,,,,
592.299872,129.581167,,,,,,
592.739081,129.582192,,,,,,
592.697546,129.582808,,,,,,
592.872198,129.583935,,,,,,
593.046912,129.585166,,,,,,
593.298468,129.586498,,,,,,
593.364386,129.586601,,,,,,
593.691107,129.588344,,,,,,
593.853735,129.590394,,,,,,
594.030127,129.590087,,,,,,
594.043860,129.593265,,,,,,
594.448218,129.593983,,,,,,
594.355444,129.594496,,,,,,
594.602881,129.595828,,,,,,
594.782263,129.596751,,,,,,
594.969611,129.597674,,,,,,
595.229773,129.598187,,,,,,
595.316382,129.600032,,,,,,
595.506354,129.602186,,,,,,
595.597296,129.602493,,,,,,
595.751868,129.603006,,,,,,
595.950995,129.604441,,,,,,
596.288733,129.605774,,,,,,
596.353705,129.608030,,,,,,
596.458258,129.609568,,,,,,
596.486578,129.609466,,,,,,
596.827338,129.610389,,,,,,
597.003424,129.611517,,,,,,
597.142432,129.612849,,,,,,
597.182623,129.613260,,,,,,
597.360846,129.614183,,,,,,
597.515295,129.616746,,,,,,
597.659125,129.617361,,,,,,
597.931433,129.620130,,,,,,
598.115698,129.621258,,,,,,
598.321265,129.621155,,,,,,
598.261298,129.622386,,,,,,
598.570441,129.622899,,,,,,
598.908636,129.626590,,,,,,
598.959784,129.625462,,,,,,
599.133063,129.627206,,,,,,
599.268469,129.628334,,,,,,
599.344244,129.628744,,,,,,
599.782813,129.630590,,,,,,
599.655005,129.632128,,,,,,
600.004065,129.631923,,,,,,
600.130927,129.634384,,,,,,
600.383459,129.635307,,,,,,
600.651740,129.636743,,,,,,
600.550452,129.637974,,,,,,
600.783484,129.638897,,,,,,
600.965369,129.640332,,,,,,
601.039832,129.639820,,,,,,
601.193152,129.641255,,,,,,
601.503607,129.643922,,,,,,
601.564398,129.645152,,,,,,
601.728613,129.645563,,,,,,
601.807928,129.646691,,,,,,
602.146002,129.646896,,,,,,
602.294348,129.647614,,,,,,
602.439612,129.649973,,,,,,
602.551428,129.651511,,,,,,
602.728339,129.653665,,,,,,
602.918494,129.652127,,,,,,
603.236609,129.654485,,,,,,
603.401617,129.654896,,,,,,
603.446906,129.656024,,,,,,
603.629095,129.658178,,,,,,
603.673468,129.659614,,,,,,
603.935248,129.660332,,,,,,
604.112921,129.662075,,,,,,
604.167883,129.661973,,,,,,
604.512213,129.662588,,,,,,
604.707465,129.664127,,,,,,
604.647650,129.663716,,,,,,
605.059637,129.666281,,,,,,
604.970374,129.667409,,,,,,
605.243842,129.668434,,,,,,
605.412604,129.670076,,,,,,
605.651740,129.670691,,,,,,
605.936957,129.671819,,,,,,
605.994025,129.674076,,,,,,
606.267371,129.674178,,,,,,
606.317450,129.674999,,,,,,
606.657477,129.675922,,,,,,
606.639899,129.678589,,,,,,
606.771246,129.679102,,,,,,
606.941687,129.680230,,,,,,
607.113013,129.680641,,,,,,
607.132727,129.682077,,,,,,
607.409888,129.683000,,,,,,
607.603949,129.684744,,,,,,
607.583319,129.685872,,,,,,
607.837103,129.686487,,,,,,
608.203253,129.688539,,,,,,
608.188727,129.688744,,,,,,
608.479346,129.690283,,,,,,
608.552679,129.692335,,,,,,
608.698767,129.693258,,,,,,
608.945074,129.694797,,,,,,
609.184149,129.695207,,,,,,
609.305670,129.696848,,,,,,
609.493475,129.696130,,,,,,
609.680365,129.697669,,,,,,
609.736090,129.699618,,,,,,
610.038336,129.700644,,,,,,
610.063788,129.700029,,,,,,
610.264563,129.703414,,,,,,
610.411108,129.704132,,,,,,
610.513739,129.705055,,,,,,
610.811377,129.706697,,,,,,
611.106848,129.707928,,,,,,
610.925818,129.710185,,,,,,
611.194617,129.710287,,,,,,
611.442206,129.710595,,,,,,
611.628943,129.712032,,,,,,
611.784155,129.712442,,,,,,
611.933997,129.714083,,,,,,
612.409888,129.716033,,,,,,
612.244727,129.716238,,,,,,
612.465552,129.717264,,,,,,
612.622839,129.718700,,,,,,
612.722693,129.721265,,,,,,
612.971930,129.721881,,,,,,
613.289435,129.721983,,,,,,
613.442755,129.723727,,,,,,
613.456366,129.725061,,,,,,
613.418250,129.726190,,,,,,
613.828589,129.727729,,,,,,
613.888129,129.728960,,,,,,
614.221289,129.729576,,,,,,
614.354834,129.730396,,,,,,
614.408667,129.731833,,,,,,
614.641974,129.732141,,,,,,
614.784674,129.734295,,,,,,
614.833258,129.735937,,,,,,
615.090125,129.736655,,,,,,
615.248175,129.737271,,,,,,
615.479590,129.739323,,,,,,
615.619147,129.739323,,,,,,
615.695319,129.741478,,,,,,
615.918860,129.742709,,,,,,
616.185248,129.743222,,,,,,
616.250464,129.744248,,,,,,
616.519812,129.744351,,,,,,
616.561804,129.744967,,,,,,
616.820288,129.747121,,,,,,
616.765631,129.747942,,,,,,
617.080511,129.749584,,,,,,
617.309973,129.750302,,,,,,
617.340155,129.751328,,,,,,
617.749731,129.752355,,,,,,
617.704779,129.753586,,,,,,
617.910620,129.754202,,,,,,
618.172858,129.756459,,,,,,
618.294775,129.758819,,,,,,
618.425421,129.758306,,,,,,
618.808569,129.760974,,,,,,
618.937079,129.761898,,,,,,
619.020941,129.762103,,,,,,
619.241156,129.762000,,,,,,
619.374762,129.763950,,,,,,
619.337317,129.766824,,,,,,
619.667883,129.766413,,,,,,
619.770117,129.767234,,,,,,
619.920264,129.768466,,,,,,
620.105444,129.769595,,,,,,
620.301062,129.771442,,,,,,
620.205481,129.773494,,,,,,
620.656500,129.774110,,,,,,
620.813208,129.776470,,,,,,
621.043219,129.775239,,,,,,
621.141455,129.777497,,,,,,
621.221320,129.778728,,,,,,
621.364478,129.779241,,,,,,
621.736304,129.780883,,,,,,
621.820044,129.782115,,,,,,
621.918280,129.783654,,,,,,
621.955328,129.784065,,,,,,
622.302649,129.784578,,,,,,
622.457495,129.786939,,,,,,
622.615027,129.787144,,,,,,
622.939978,129.789094,,,,,,
622.905951,129.789094,,,,,,
623.185095,129.791044,,,,,,
623.391333,129.792173,,,,,,
623.431403,129.792070,,,,,,
623.625891,129.793918,,,,,,
623.616278,129.793815,,,,,,
623.924506,129.795047,,,,,,
624.136420,129.797099,,,,,,
624.325171,129.797099,,,,,,
624.211401,129.799358,,,,,,
624.635107,129.799152,,,,,,
624.785895,129.799563,,,,,,
624.920111,129.802950,,,,,,
625.114478,129.802231,,,,,,
625.310950,129.803361,,,,,,
625.306128,129.806234,,,,,,
625.735693,129.807774,,,,,,
625.779333,129.808287,,,,,,
625.970587,129.810238,,,,,,
626.126959,129.811367,,,,,,
626.351660,129.812393,,,,,,
626.431342,129.812701,,,,,,
626.656531,129.813933,,,,,,
626.765387,129.814857,,,,,,
626.987891,129.817833,,,,,,
626.945227,129.818963,,,,,,
627.320959,129.817731,,,,,,
627.375403,129.819886,,,,,,
627.469489,129.821324,,,,,,
627.669653,129.821939,,,,,,
627.956061,129.823479,,,,,,
628.016180,129.825840,,,,,,
628.271613,129.826045,,,,,,
628.460028,129.827072,,,,,,
628.654089,129.826969,,,,,,
628.781134,129.827380,,,,,,
628.864722,129.829022,,,,,,
629.024786,129.829946,,,,,,
629.461554,129.831589,,,,,,
629.404150,129.831486,,,,,,
629.659460,129.832410,,,,,,
629.810797,129.834566,,,,,,
629.900885,129.835284,,,,,,
630.030005,129.837646,,,,,,
630.206580,129.838775,,,,,,
630.471381,129.839185,,,,,,
630.542212,129.840931,,,,,,
630.736151,129.841957,,,,,,
631.026129,129.842471,,,,,,
631.082220,129.843908,,,,,,
631.273413,129.844729,,,,,,
631.416876,129.845448,,,,,,
631.497290,129.847912,,,,,,
631.626349,129.848220,,,,,,
631.991827,129.849760,,,,,,
632.017920,129.851094,,,,,,
632.031409,129.851710,,,,,,
632.609229,129.853045,,,,,,
632.563635,129.854482,,,,,,
632.817389,129.854893,,,,,,
632.991919,129.857049,,,,,,
633.005438,129.859205,,,,,,
633.325110,129.858897,,,,,,
633.441473,129.860129,,,,,,
633.656439,129.861053,,,,,,
633.681647,129.862696,,,,,,
633.862738,129.863107,,,,,,
634.116675,129.864852,,,,,,
634.244391,129.866084,,,,,,
634.437140,129.867727,,,,,,
634.604712,129.869472,,,,,,
634.763525,129.870191,,,,,,
634.869055,129.870397,,,,,,
635.224463,129.871218,,,,,,
635.293066,129.871937,,,,,,
635.518713,129.873477,,,,,,
635.537848,129.874812,,,,,,
635.780859,129.874401,,,,,,
635.867133,129.877276,,,,,,
636.354224,129.878303,,,,,,
636.189459,129.880254,,,,,,
636.429419,129.880870,,,,,,
636.614233,129.882205,,,,,,
636.714789,129.883950,,,,,,
636.918738,129.883950,,,,,,
637.168463,129.886004,,,,,,
637.280768,129.887544,,,,,,
637.582556,129.888058,,,,,,
637.444250,129.887236,,,,,,
637.885229,129.889906,,,,,,
637.852271,129.891241,,,,,,
638.173499,129.892370,,,,,,
638.261481,129.892781,,,,,,
638.542792,129.893295,,,,,,
638.635596,129.894835,,,,,,
638.759467,129.897197,,,,,,
639.088019,129.898737,,,,,,
639.053290,129.898737,,,,,,
639.317206,129.900997,,,,,,
639.478461,129.901202,,,,,,
639.666052,129.901715,,,,,,
639.653479,129.903256,,,,,,
639.820685,129.904180,,,,,,
640.087500,129.905515,,,,,,
640.218787,129.906850,,,,,,
640.490302,129.908801,,,,,,
640.691290,129.908801,,,,,,
640.792670,129.910547,,,,,,
640.913489,129.910855,,,,,,
641.027380,129.911882,,,,,,
641.204077,129.913012,,,,,,
641.512305,129.915271,,,,,,
641.633063,129.914655,,,,,,
641.792395,129.917223,,,,,,
641.859015,129.917223,,,,,,
642.183325,129.919277,,,,,,
642.269385,129.921228,,,,,,
642.394934,129.921228,,,,,,
642.624701,129.923282,,,,,,
642.709570,129.922871,,,,,,
642.872717,129.924309,,,,,,
643.052252,129.925644,,,,,,
643.294562,129.926466,,,,,,
643.591772,129.926877,,,,,,
643.566687,129.929034,,,,,,
643.708563,129.930471,,,,,,
643.906287,129.934066,,,,,,
644.081000,129.932526,,,,,,
644.309760,129.933655,,,,,,
644.423529,129.935196,,,,,,
644.695532,129.937250,,,,,,
644.823950,129.937867,,,,,,
644.945471,129.940024,,,,,,
645.165167,129.940229,,,,,,
645.377417,129.940537,,,,,,
645.426672,129.942489,,,,,,
645.676520,129.943002,,,,,,
645.783362,129.944748,,,,,,
645.912573,129.945673,,,,,,
646.046576,129.947419,,,,,,
646.258795,129.948857,,,,,,
646.447668,129.949063,,,,,,
646.527594,129.951117,,,,,,
646.842993,129.950809,,,,,,
646.852515,129.952041,,,,,,
647.161932,129.954404,,,,,,
647.291022,129.955123,,,,,,
647.441382,129.957280,,,,,,
647.610815,129.956253,,,,,,
647.666907,129.957486,,,,,,
647.894141,129.959026,,,,,,
648.139899,129.960978,,,,,,
648.142859,129.961697,,,,,,
648.528082,129.963649,,,,,,
648.718909,129.963341,,,,,,
648.828650,129.965395,,,,,,
648.778540,129.964984,,,,,,
649.110938,129.967244,,,,,,
649.314215,129.968785,,,,,,
649.520209,129.968683,,,,,,
649.603094,129.970429,,,,,,
649.817664,129.972278,,,,,,
649.872473,129.972586,,,,,,
650.079626,129.974333,,,,,,
650.354926,129.975976,,,,,,
650.381781,129.977312,,,,,,
650.677313,129.978134,,,,,,
650.842078,129.978236,,,,,,
651.086340,129.979572,,,,,,
651.144110,129.980291,,,,,,
651.305884,129.981935,,,,,,
651.390479,129.983784,,,,,,
651.536749,129.982449,,,,,,
651.808020,129.985633,,,,,,
651.940863,129.986866,,,,,,
652.106421,129.986969,,,,,,
652.177588,129.988407,,,,,,
652.444983,129.990668,,,,,,
652.699805,129.991695,,,,,,
652.869238,129.992928,,,,,,
652.885596,129.993750,,,,,,
653.193396,129.994161,,,,,,
653.308569,129.996010,,,,,,
653.464240,129.996832,,,,,,
653.550848,129.997962,,,,,,
653.766333,129.998784,,,,,,
654.024908,130.000634,,,,,,
654.079718,130.001969,,,,,,
654.278784,130.004538,,,,,,
654.582526,130.004949,,,,,,
654.528693,130.005257,,,,,,
654.890143,130.005771,,,,,,
654.824713,130.007518,,,,,,
655.051367,130.009264,,,,,,
655.300330,130.008853,,,,,,
655.249487,130.011217,,,,,,
655.683752,130.013169,,,,,,
655.627234,130.012861,,,,,,
655.845221,130.013477,,,,,,
656.055792,130.015532,,,,,,
656.277594,130.016663,,,,,,
656.360236,130.017895,,,,,,
656.606146,130.018204,,,,,,
656.653082,130.020464,,,,,,
656.890326,130.021286,,,,,,
657.084418,130.023444,,,,,,
657.292822,130.023855,,,,,,
657.268744,130.023547,,,,,,
657.681555,130.025602,,,,,,
657.839087,130.027555,,,,,,
657.941901,130.027966,,,,,,
658.037878,130.028685,,,,,,
658.396826,130.030329,,,,,,
658.492834,130.031357,,,,,,
658.673163,130.033104,,,,,,
658.840430,130.032693,,,,,,
659.005255,130.034029,,,,,,
659.398840,130.037009,,,,,,
659.365271,130.038858,,,,,,
659.486182,130.039064,,,,,,
659.585059,130.038961,,,,,,
659.802771,130.041119,,,,,,
660.030219,130.041736,,,,,,
660.072424,130.042866,,,,,,
660.198004,130.042764,,,,,,
660.355353,130.044922,,,,,,
660.529059,130.046258,,,,,,
660.911780,130.048621,,,,,,
660.869604,130.048724,,,,,,
661.037329,130.049649,,,,,,
661.228186,130.052218,,,,,,
661.337408,130.052116,,,,,,
661.614630,130.052321,,,,,,
661.780524,130.053966,,,,,,
661.838995,130.055610,,,,,,
662.101599,130.056946,,,,,,
662.233984,130.059515,,,,,,
662.386511,130.060851,,,,,,
662.655890,130.061674,,,,,,
662.820563,130.063318,,,,,,
662.937445,130.062907,,,,,,
663.089056,130.064552,,,,,,
663.303809,130.065168,,,,,,
663.318945,130.067532,,,,,,
663.699500,130.068457,,,,,,
663.835577,130.069177,,,,,,
663.881567,130.069793,,,,,,
664.269476,130.070821,,,,,,
664.219611,130.072568,,,,,,
664.453314,130.073699,,,,,,
664.584326,130.074624,,,,,,
664.750342,130.075960,,,,,,
664.962042,130.077194,,,,,,
665.110571,130.078427,,,,,,
665.218756,130.078530,,,,,,
665.366095,130.079455,,,,,,
665.720282,130.081819,,,,,,
665.821967,130.082641,,,,,,
666.014258,130.084389,,,,,,
666.083350,130.086856,,,,,,
666.320685,130.088192,,,,,,
666.386786,130.087472,,,,,,
666.742896,130.088809,,,,,,
666.842474,130.089117,,,,,,
666.926886,130.090145,,,,,,
667.131598,130.090762,,,,,,
667.208960,130.092920,,,,,,
667.473151,130.093023,,,,,,
667.659766,130.094565,,,,,,
667.815833,130.095696,,,,,,
667.954474,130.097032,,,,,,
668.219519,130.099191,,,,,,
668.286444,130.099294,,,,,,
668.357184,130.100013,,,,,,
668.776190,130.101350,,,,,,
668.781195,130.102994,,,,,,
668.950262,130.103714,,,,,,
669.118750,130.104536,,,,,,
669.189459,130.105667,,,,,,
669.418005,130.106798,,,,,,
669.625494,130.109162,,,,,,
669.785345,130.108957,,,,,,
669.930670,130.111321,,,,,,
670.054083,130.111938,,,,,,
670.031012,130.113377,,,,,,
670.590308,130.115434,,,,,,
670.586432,130.116256,,,,,,
670.790045,130.116770,,,,,,
670.910437,130.118209,,,,,,
671.108405,130.119957,,,,,,
671.379675,130.119854,,,,,,
671.461005,130.121191,,,,,,
671.679022,130.122116,,,,,,
671.739081,130.123041,,,,,,
671.895819,130.124892,,,,,,
672.037238,130.126537,,,,,,
672.386206,130.127565,,,,,,
672.544714,130.128593,,,,,,
672.599127,130.128079,,,,,,
672.709082,130.130855,,,,,,
672.960150,130.132192,,,,,,
673.050024,130.132911,,,,,,
673.263770,130.134453,,,,,,
673.518927,130.135687,,,,,,
673.593390,130.137127,,,,,,
673.836981,130.137332,,,,,,
673.833136,130.138052,,,,,,
673.970587,130.140417,,,,,,
674.131995,130.141342,,,,,,
674.515875,130.143604,,,,,,
674.643835,130.143913,,,,,,
674.859534,130.145147,,,,,,
675.037146,130.145044,,,,,,
675.001959,130.146792,,,,,,
675.215582,130.147820,,,,,,
675.498328,130.148642,,,,,,
675.607916,130.150390,,,,,,
675.670874,130.151316,,,,,,
676.026801,130.153784,,,,,,
676.021185,130.154195,,,,,,
676.394202,130.154606,,,,,,
676.287329,130.156046,,,,,,
676.650000,130.156971,,,,,,
676.827490,130.158103,,,,,,
676.936163,130.160467,,,,,,
676.981940,130.160776,,,,,,
677.230811,130.161187,,,,,,
677.435156,130.163655,,,,,,
677.530524,130.164683,,,,,,
677.737494,130.165301,,,,,,
677.887122,130.167254,,,,,,
678.043585,130.168900,,,,,,
678.262915,130.168591,,,,,,
678.336432,130.170853,,,,,,
678.666357,130.171573,,,,,,
678.778845,130.172705,,,,,,
678.998999,130.173322,,,,,,
679.122900,130.174453,,,,,,
679.342108,130.175378,,,,,,
679.428839,130.176510,,,,,,
679.630133,130.177744,,,,,,
679.824561,130.179492,,,,,,
679.884741,130.180006,,,,,,
680.192389,130.181240,,,,,,
680.225745,130.183194,,,,,,
680.431616,130.183503,,,,,,
680.510687,130.184325,,,,,,
680.787329,130.186382,,,,,,
680.939520,130.187411,,,,,,
681.154822,130.189159,,,,,,
681.212836,130.189776,,,,,,
681.596808,130.190804,,,,,,
681.613013,130.191833,,,,,,
681.756903,130.193581,,,,,,
681.823584,130.194918,,,,,,
682.226538,130.196358,,,,,,
682.219763,130.197592,,,,,,
682.515997,130.197078,,,,,,
682.645392,130.198312,,,,,,
682.739783,130.200472,,,,,,
683.079565,130.201192,,,,,,
683.138831,130.203146,,,,,,
683.140540,130.204278,,,,,,
683.511023,130.205100,,,,,,
683.445288,130.206335,,,,,,
683.729071,130.208289,,,,,,
683.816626,130.207672,,,,,,
684.204932,130.208083,,,,,,
684.278265,130.210346,,,,,,
684.389594,130.211683,,,,,,
684.634100,130.213226,,,,,,
684.922461,130.214666,,,,,,
685.048254,130.214975,,,,,,
685.198492,130.217032,,,,,,
685.238501,130.217546,,,,,,
685.389624,130.218266,,,,,,
685.615179,130.219809,,,,,,
685.754218,130.220735,,,,,,
685.754218,130.222484,,,,,,
686.014777,130.221866,,,,,,
686.245062,130.224232,,,,,,
686.411383,130.224438,,,,,,
686.541815,130.226084,,,,,,
686.801459,130.226906,,,,,,
686.948950,130.227421,,,,,,
687.116156,130.229375,,,,,,
687.296820,130.230507,,,,,,
687.503149,130.231227,,,,,,
687.625006,130.231844,,,,,,
687.812231,130.234313,,,,,,
687.974890,130.235856,,,,,,
688.219153,130.236165,,,,,,
688.224738,130.238222,,,,,,
688.442450,130.238428,,,,,,
688.541327,130.239765,,,,,,
689.018500,130.241822,,,,,,
688.924353,130.241925,,,,,,
689.224677,130.244189,,,,,,
689.351202,130.244086,,,,,,
689.287390,130.246143,,,,,,
689.530920,130.246966,,,,,,
689.800635,130.248921,,,,,,
689.851752,130.250258,,,,,,
690.110266,130.250772,,,,,,
690.357275,130.251801,,,,,,
690.563391,130.252830,,,,,,
690.609015,130.254785,,,,,,
690.835059,130.255608,,,,,,
691.086737,130.255196,,,,,,
691.045874,130.257562,,,,,,
691.217871,130.259106,,,,,,
691.324286,130.259826,,,,,,
691.925391,130.261472,,,,,,
691.741095,130.263632,,,,,,
691.990881,130.262706,,,,,,
692.151404,130.265073,,,,,,
692.253943,130.265896,,,,,,
692.542517,130.266308,,,,,,
692.745581,130.267439,,,,,,
692.880438,130.268674,,,,,,
692.994452,130.269908,,,,,,
693.065527,130.270834,,,,,,
693.166327,130.271246,,,,,,
693.399573,130.274127,,,,,,
693.473639,130.274847,,,,,,
693.767920,130.276288,,,,,,
694.035559,130.278243,,,,,,
694.123938,130.278551,,,,,,
694.323065,130.278654,,,,,,
694.435858,130.280403,,,,,,
694.614386,130.281535,,,,,,
694.818213,130.282564,,,,,,
694.953925,130.284210,,,,,,
695.103888,130.285342,,,,,,
695.187292,130.286577,,,,,,
695.347601,130.287812,,,,,,
695.574225,130.288943,,,,,,
695.722205,130.289767,,,,,,
695.905432,130.289972,,,,,,
696.145270,130.290487,,,,,,
696.240057,130.292236,,,,,,
696.580511,130.293677,,,,,,
696.658301,130.294706,,,,,,
696.796820,130.295735,,,,,,
696.788000,130.297175,,,,,,
697.246100,130.298204,,,,,,
697.267828,130.299233,,,,,,
697.485785,130.300571,,,,,,
697.697363,130.303452,,,,,,
697.818549,130.303452,,,,,,
698.006293,130.304584,,,,,,
698.116278,130.306848,,,,,,
698.219611,130.307672,,,,,,
698.461279,130.307774,,,,,,
698.603217,130.309833,,,,,,
698.954901,130.311376,,,,,,
698.914099,130.311685,,,,,,
699.077185,130.313126,,,,,,
699.156683,130.312920,,,,,,
699.463690,130.317139,,,,,,
699.599188,130.315801,,,,,,
699.870978,130.317757,,,,,,
699.931677,130.319300,,,,,,
700.100287,130.319094,,,,,,
700.314276,130.322491,,,,,,
700.543494,130.321256,,,,,,
700.621191,130.323005,,,,,,
700.768958,130.325166,,,,,,
701.052954,130.325990,,,,,,
701.113654,130.326196,,,,,,
701.282141,130.327122,,,,,,
701.504614,130.329180,,,,,,
701.619177,130.329798,,,,,,
701.627661,130.333091,,,,,,
701.940100,130.333503,,,,,,
702.287512,130.334326,,,,,,
702.344366,130.334944,,,,,,
702.454230,130.336179,,,,,,
702.603674,130.338340,,,,,,
702.786414,130.339884,,,,,,
702.834540,130.340810,,,,,,
703.083502,130.340913,,,,,,
703.342688,130.343383,,,,,,
703.492407,130.344824,,,,,,
703.473395,130.345030,,,,,,
703.671057,130.346471,,,,,,
703.992896,130.347500,,,,,,
704.145117,130.351000,,,,,,
704.305029,130.350177,,,,,,
704.356848,130.351515,,,,,,
704.846136,130.352235,,,,,,
704.935980,130.352235,,,,,,
704.810126,130.354088,,,,,,
705.223456,130.354602,,,,,,
705.313330,130.356352,,,,,,
705.371893,130.356867,,,,,,
705.658423,130.359646,,,,,,
705.870306,130.359440,,,,,,
705.850439,130.361087,,,,,,
706.170050,130.361396,,,,,,
706.168005,130.362734,,,,,,
706.457434,130.364690,,,,,,
706.621008,130.365514,,,,,,
706.809119,130.367572,,,,,,
706.962164,130.368602,,,,,,
706.980292,130.368396,,,,,,
707.211707,130.370146,,,,,,
707.369727,130.372205,,,,,,
707.695563,130.372616,,,,,,
707.656958,130.373440,,,,,,
707.880988,130.375911,,,,,,
708.042517,130.376117,,,,,,
708.365637,130.376940,,,,,,
708.362738,130.377969,,,,,,
708.623633,130.379308,,,,,,
708.774786,130.380337,,,,,,
708.869238,130.381675,,,,,,
709.041205,130.381367,,,,,,
709.283850,130.383940,,,,,,
709.471869,130.384867,,,,,,
709.671271,130.387337,,,,,,
709.844000,130.388058,,,,,,
709.921484,130.388161,,,,,,
710.105688,130.390014,,,,,,
710.294501,130.390735,,,,,,
710.580603,130.391147,,,,,,
710.700415,130.394029,,,,,,
710.846869,130.395265,,,,,,
710.932837,130.395471,,,,,,
711.064917,130.396706,,,,,,
711.345404,130.398456,,,,,,
711.379279,130.398148,,,,,,
711.662451,130.400515,,,,,,
711.563422,130.401957,,,,,,
711.820227,130.402883,,,,,,
712.208167,130.404531,,,,,,
712.267462,130.405560,,,,,,
712.366797,130.406281,,,,,,
712.550818,130.408546,,,,,,
712.838538,130.410296,,,,,,
712.839392,130.410502,,,,,,
712.796149,130.411326,,,,,,
713.238623,130.414724,,,,,,
713.281012,130.415856,,,,,,
713.586768,130.414415,,,,,,
713.780066,130.417092,,,,,,
713.930151,130.418636,,,,,,
714.116949,130.418739,,,,,,
714.258337,130.419872,,,,,,
714.438452,130.420490,,,,,,
714.649817,130.422343,,,,,,
714.679877,130.422240,,,,,,
714.773260,130.425226,,,,,,
715.102515,130.426359,,,,,,
715.273322,130.426977,,,,,,
715.478766,130.427904,,,,,,
715.618231,130.428624,,,,,,
715.706061,130.429860,,,,,,
715.851141,130.430684,,,,,,
716.111426,130.432537,,,,,,
716.260229,130.433876,,,,,,
716.586432,130.435420,,,,,,
716.774054,130.436141,,,,,,
716.771124,130.436759,,,,,,
716.877570,130.437892,,,,,,
717.115057,130.439745,,,,,,
717.219763,130.442011,,,,,,
717.522223,130.442423,,,,,,
717.660834,130.443762,,,,,,
717.659949,130.444688,,,,,,
717.906653,130.446954,,,,,,
718.084875,130.445306,,,,,,
718.416418,130.448498,,,,,,
718.483191,130.448087,,,,,,
718.575659,130.449940,,,,,,
718.547339,130.451691,,,,,,
718.991949,130.452000,,,,,,
719.159674,130.452927,,,,,,
719.273657,130.454574,,,,,,
719.402747,130.456016,,,,,,
719.542090,130.457664,,,,,,
719.798010,130.457973,,,,,,
719.917853,130.458694,,,,,,
720.064764,130.459518,,,,,,
720.325568,130.462195,,,,,,
720.396124,130.462401,,,,,,
720.588171,130.464873,,,,,,
720.856573,130.464667,,,,,,
720.983618,130.467242,,,,,,
721.140936,130.467860,,,,,,
721.235968,130.469096,,,,,,
721.524969,130.469096,,,,,,
721.584113,130.470332,,,,,,
721.734747,130.471259,,,,,,
721.941809,130.472494,,,,,,
722.036841,130.473731,,,,,,
722.415137,130.475378,,,,,,
722.422705,130.476614,,,,,,
722.626898,130.478262,,,,,,
722.744604,130.479292,,,,,,
722.899817,130.481146,,,,,,
723.047430,130.480116,,,,,,
723.152838,130.481867,,,,,,
723.434149,130.483309,,,,,,
723.501746,130.484545,,,,,,
723.820837,130.485884,,,,,,
723.831030,130.486811,,,,,,
723.940192,130.487841,,,,,,
724.421667,130.490828,,,,,,
724.526190,130.490416,,,,,,
724.644659,130.491961,,,,,,
724.779120,130.492888,,,,,,
724.979376,130.494536,,,,,,
725.076331,130.496391,,,,,,
725.170294,130.497627,,,,,,
725.599829,130.498863,,,,,,
725.722937,130.499892,,,,,,
725.684515,130.501747,,,,,,
725.990057,130.503395,,,,,,
726.137579,130.502056,,,,,,
726.177985,130.505352,,,,,,
726.425299,130.505661,,,,,,
726.685645,130.506382,,,,,,
726.831122,130.509369,,,,,,
727.032446,130.508648,,,,,,
727.020178,130.510915,,,,,,
727.358466,130.511533,,,,,,
727.505042,130.513902,,,,,,
727.686560,130.514314,,,,,,
727.797308,130.516169,,,,,,
728.070654,130.516993,,,,,,
728.250983,130.517302,,,,,,
728.368414,130.518744,,,,,,
728.550757,130.520702,,,,,,
728.587378,130.521114,,,,,,
728.798773,130.522041,,,,,,
728.940619,130.523586,,,,,,
729.017676,130.524307,,,,,,
729.319983,130.525956,,,,,,
729.484198,130.526883,,,,,,
729.685370,130.527810,,,,,,
729.885291,130.529870,,,,,,
730.020483,130.530179,,,,,,
730.202673,130.531621,,,,,,
730.317175,130.532858,,,,,,
730.369788,130.533991,,,,,,
730.606299,130.535330,,,,,,
730.812079,130.535330,,,,,,
730.871039,130.536670,,,,,,
731.098242,130.538834,,,,,,
731.261511,130.540585,,,,,,
731.541266,130.541409,,,,,,
731.731848,130.542852,,,,,,
731.837836,130.544191,,,,,,
731.871558,130.544706,,,,,,
732.037665,130.543985,,,,,,
732.188727,130.546355,,,,,,
732.569800,130.547488,,,,,,
732.630713,130.549240,,,,,,
732.733893,130.550167,,,,,,
732.936560,130.551198,,,,,,
733.143042,130.552124,,,,,,
733.309943,130.554597,,,,,,
733.339850,130.554803,,,,,,
733.550970,130.556452,,,,,,
733.701941,130.558410,,,,,,
733.953375,130.557792,,,,,,
734.131567,130.560161,,,,,,
734.266547,130.560367,,,,,,
734.425024,130.561501,,,,,,
734.549841,130.562841,,,,,,
734.785223,130.563871,,,,,,
734.935278,130.566653,,,,,,
735.038306,130.566962,,,,,,
735.233313,130.567477,,,,,,
735.135840,130.567272,,,,,,
735.808997,130.569333,,,,,,
735.829596,130.569126,,,,,,
736.048956,130.572939,,,,,,
736.033881,130.573145,,,,,,
736.399420,130.574896,,,,,,
736.398566,130.574072,,,,,,
736.808966,130.576648,,,,,,
736.752722,130.577679,,,,,,
736.897192,130.579946,,,,,,
737.052618,130.580667,,,,,,
737.146307,130.583140,,,,,,
737.449927,130.583244,,,,,,
737.596106,130.583759,,,,,,
737.763770,130.584686,,,,,,
737.857428,130.586335,,,,,,
738.042975,130.587881,,,,,,
738.265967,130.589118,,,,,,
738.507483,130.590045,,,,,,
738.570349,130.590767,,,,,,
738.733344,130.592725,,,,,,
738.920630,130.593962,,,,,,
739.261542,130.594682,,,,,,
739.390723,130.595301,,,,,,
739.362677,130.597981,,,,,,
739.496588,130.598908,,,,,,
739.787817,130.600248,,,,,,
739.825201,130.600969,,,,,,
740.031226,130.603031,,,,,,
740.239081,130.603134,,,,,,
740.422552,130.604164,,,,,,
740.525610,130.605607,,,,,,
740.763281,130.607257,,,,,,
740.945776,130.608081,,,,,,
741.027167,130.610348,,,,,,
741.169348,130.609833,,,,,,
741.431555,130.611276,,,,,,
741.712286,130.613337,,,,,,
741.728186,130.614471,,,,,,
741.924841,130.616120,,,,,,
742.033209,130.616120,,,,,,
742.279395,130.617151,,,,,,
742.473090,130.616944,,,,,,
742.561102,130.619315,,,,,,
742.878241,130.620758,,,,,,
743.061591,130.620861,,,,,,
743.044714,130.620964,,,,,,
743.354254,130.623850,,,,,,
743.400244,130.623232,,,,,,
743.673285,130.625912,,,,,,
743.812506,130.626324,,,,,,
743.970618,130.628901,,,,,,
743.974402,130.628695,,,,,,
744.318549,130.630550,,,,,,
744.480292,130.632509,,,,,,
744.604773,130.632199,,,,,,
744.726324,130.634364,,,,,,
745.137549,130.634467,,,,,,
744.995520,130.636734,,,,,,
745.294684,130.636838,,,,,,
745.372229,130.639312,,,,,,
745.505865,130.640961,,,,,,
745.771460,130.641786,,,,,,
745.918188,130.642714,,,,,,
746.045203,130.643332,,,,,,
746.214453,130.643641,,,,,,
746.487280,130.645291,,,,,,
746.568762,130.647765,,,,,,
746.857458,130.647146,,,,,,
746.991125,130.649929,,,,,,
747.220984,130.650857,,,,,,
747.299384,130.650651,,,,,,
747.454382,130.652919,,,,,,
747.574103,130.651888,,,,,,
747.673010,130.654981,,,,,,
747.901984,130.655702,,,,,,
748.215704,130.657146,,,,,,
748.127905,130.657558,,,,,,
748.416632,130.659208,,,,,,
748.587531,130.660754,,,,,,
748.816473,130.661785,,,,,,
748.940436,130.662197,,,,,,
749.077795,130.664362,,,,,,
749.296271,130.665599,,,,,,
749.405615,130.666218,,,,,,
749.609015,130.667661,,,,,,
749.845435,130.669311,,,,,,
749.872321,130.671270,,,,,,
750.143317,130.671682,,,,,,
750.435492,130.672300,,,,,,
750.532538,130.674672,,,,,,
750.555731,130.675084,,,,,,
750.723853,130.677043,,,,,,
751.009558,130.677765,,,,,,
751.124243,130.679208,,,,,,
751.256812,130.679518,,,,,,
751.500403,130.681889,,,,,,
751.618811,130.683127,,,,,,
751.799872,130.683642,,,,,,
752.046210,130.684364,,,,,,
752.131171,130.684879,,,,,,
752.228186,130.686838,,,,,,
752.439856,130.687354,,,,,,
752.623816,130.690240,,,,,,
752.754340,130.691272,,,,,,
752.952124,130.692509,,,,,,
753.118079,130.692612,,,,,,
753.344763,130.693849,,,,,,
753.419470,130.694468,,,,,,
753.675848,130.695602,,,,,,
753.732794,130.696840,,,,,,
753.930457,130.697767,,,,,,
754.050787,130.699005,,,,,,
754.215063,130.699933,,,,,,
754.612250,130.701583,,,,,,
754.588843,130.703026,,,,,,
754.757666,130.704161,,,,,,
754.977576,130.706017,,,,,,
755.128729,130.706326,,,,,,
755.161383,130.707048,,,,,,
755.429724,130.708491,,,,,,
755.656226,130.710038,,,,,,
755.845435,130.712204,,,,,,
756.033850,130.713751,,,,,,
756.175482,130.713544,,,,,,
756.245306,130.714369,,,,,,
756.499670,130.716123,,,,,,
756.613348,130.716432,,,,,,
756.745764,130.718082,,,,,,
756.866858,130.720557,,,,,,
757.110876,130.720041,,,,,,
757.326300,130.721691,,,,,,
757.489203,130.723444,,,,,,
757.727728,130.724475,,,,,,
757.796576,130.725919,,,,,,
757.973608,130.726744,,,,,,
758.062109,130.727878,,,,,,
758.255896,130.729116,,,,,,
758.438330,130.730457,,,,,,
758.683386,130.731385,,,,,,
758.842505,130.731385,,,,,,
758.853735,130.733035,,,,,,
759.135077,130.735304,,,,,,
759.409735,130.736026,,,,,,
759.490698,130.736851,,,,,,
759.540015,130.738295,,,,,,
759.858496,130.738398,,,,,,
759.974829,130.740461,,,,,,
760.068793,130.741904,,,,,,
760.337958,130.743658,,,,,,
760.474799,130.745205,,,,,,
760.556616,130.745721,,,,,,
760.694312,130.746236,,,,,,
761.021002,130.748505,,,,,,
761.019293,130.749227,,,,,,
761.248297,130.749743,,,,,,
761.418555,130.750568,,,,,,
761.562537,130.752115,,,,,,
761.750616,130.753456,,,,,,
761.897803,130.756860,,,,,,
762.141455,130.757272,,,,,,
762.278174,130.756447,,,,,,
762.327490,130.758613,,,,,,
762.677344,130.758922,,,,,,
762.761115,130.759851,,,,,,
762.854987,130.763048,,,,,,
763.104285,130.763461,,,,,,
763.326544,130.764286,,,,,,
763.532141,130.764905,,,,,,
763.524603,130.765730,,,,,,
763.695868,130.767071,,,,,,
763.983069,130.770062,,,,,,
764.137457,130.769753,,,,,,
764.262091,130.772125,,,,,,
764.389563,130.772641,,,,,,
764.678748,130.773879,,,,,,
764.687933,130.774704,,,,,,
764.932501,130.777283,,,,,,
765.047675,130.777489,,,,,,
765.335944,130.778418,,,,,,
765.356390,130.780894,,,,,,
765.533911,130.779862,,,,,,
765.678900,130.782131,,,,,,
765.953070,130.782131,,,,,,
766.250464,130.783472,,,,,,
766.403754,130.784401,,,,,,
766.372961,130.785845,,,,,,
766.609991,130.786567,,,,,,
766.731665,130.789043,,,,,,
766.883246,130.789249,,,,,,
766.912054,130.790074,,,,,,
767.383063,130.792241,,,,,,
767.543799,130.793479,,,,,,
767.653326,130.794923,,,,,,
767.731512,130.795852,,,,,,
768.102118,130.797192,,,,,,
768.049292,130.798018,,,,,,
768.223730,130.799668,,,,,,
768.365729,130.801938,,,,,,
768.655524,130.801732,,,,,,
768.735449,130.802867,,,,,,
768.881140,130.805240,,,,,,
769.050177,130.804620,,,,,,
769.356543,130.806271,,,,,,
769.545264,130.807716,,,,,,
769.681525,130.808541,,,,,,
769.933264,130.811120,,,,,,
769.973212,130.810398,,,,,,
770.119757,130.813390,,,,,,
770.408484,130.813597,,,,,,
770.468817,130.815970,,,,,,
770.646063,130.815557,,,,,,
770.866125,130.816176,,,,,,
770.875311,130.817724,,,,,,
771.201086,130.819684,,,,,,
771.250250,130.819993,,,,,,
771.650244,130.823191,,,,,,
771.531378,130.824224,,,,,,
771.908118,130.824120,,,,,,
771.974005,130.825771,,,,,,
772.168921,130.826081,,,,,,
772.472083,130.828144,,,,,,
772.437659,130.828144,,,,,,
772.699561,130.831033,,,,,,
772.921179,130.830415,,,,,,
773.139075,130.832168,,,,,,
773.090796,130.834129,,,,,,
773.167822,130.835470,,,,,,
773.428351,130.835264,,,,,,
773.693701,130.838153,,,,,,
773.813086,130.838669,,,,,,
773.926459,130.840526,,,,,,
774.208289,130.841146,,,,,,
774.203650,130.841455,,,,,,
774.481787,130.843210,,,,,,
774.589392,130.843828,,,,,,
774.811774,130.846924,,,,,,
774.834998,130.846821,,,,,,
775.100134,130.846305,,,,,,
775.253027,130.849091,,,,,,
775.606207,130.850226,,,,,,
775.613684,130.851155,,,,,,
775.799017,130.852909,,,,,,
775.963934,130.854870,,,,,,
776.082648,130.854560,,,,,,
776.321600,130.855902,,,,,,
776.526404,130.858585,,,,,,
776.808020,130.857553,,,,,,
776.795996,130.859204,,,,,,
776.932104,130.861784,,,,,,
777.087012,130.860546,,,,,,
777.269446,130.863023,,,,,,
777.421362,130.863745,,,,,,
777.695776,130.865809,,,,,,
777.878973,130.866634,,,,,,
777.943732,130.868595,,,,,,
778.115210,130.868182,,,,,,
778.308691,130.870143,,,,,,
778.526251,130.870556,,,,,,
778.617041,130.873239,,,,,,
778.734595,130.873033,,,,,,
779.011511,130.875200,,,,,,
779.042975,130.875304,,,,,,
779.192877,130.876129,,,,,,
779.519843,130.876955,,,,,,
779.629950,130.879432,,,,,,
779.803198,130.879948,,,,,,
779.949377,130.880877,,,,,,
780.190039,130.881909,,,,,,
780.371405,130.882218,,,,,,
780.463049,130.884489,,,,,,
780.631506,130.884489,,,,,,
780.824866,130.886243,,,,,,
780.991553,130.887379,,,,,,
781.069159,130.887276,,,,,,
781.325537,130.889959,,,,,,
781.534583,130.890991,,,,,,
781.669745,130.891404,,,,,,
781.658636,130.892746,,,,,,
781.898260,130.895120,,,,,,
782.035101,130.896255,,,,,,
782.319220,130.897494,,,,,,
782.480170,130.896875,,,,,,
782.665045,130.899455,,,,,,
782.901007,130.900281,,,,,,
782.756720,130.901622,,,,,,
783.201544,130.902861,,,,,,
783.185767,130.904409,,,,,,
783.461401,130.904719,,,,,,
783.617712,130.905751,,,,,,
783.801703,130.907506,,,,,,
783.980078,130.908848,,,,,,
784.103156,130.909984,,,,,,
784.325781,130.911738,,,,,,
784.435034,130.912151,,,,,,
784.471899,130.912770,,,,,,
784.696570,130.914422,,,,,,
784.998114,130.915248,,,,,,
785.140356,130.915971,,,,,,
785.108893,130.918551,,,,,,
785.407507,130.919274,,,,,,
785.618079,130.921028,,,,,,
785.795630,130.920823,,,,,,
785.952490,130.922474,,,,,,
786.200415,130.923713,,,,,,
786.177222,130.925261,,,,,,
786.463538,130.925468,,,,,,
786.562476,130.925777,,,,,,
786.678809,130.928978,,,,,,
786.846228,130.930010,,,,,,
787.093787,130.931249,,,,,,
787.256140,130.933313,,,,,,
787.502905,130.934242,,,,,,
787.515723,130.934965,,,,,,
787.697852,130.935998,,,,,,
787.964819,130.938579,,,,,,
788.032935,130.938682,,,,,,
788.218665,130.939921,,,,,,
788.530005,130.940953,,,,,,
788.603674,130.942192,,,,,,
788.705176,130.941986,,,,,,
788.922095,130.944566,,,,,,
789.183508,130.945909,,,,,,
789.266638,130.947664,,,,,,
789.412512,130.947457,,,,,,
789.663672,130.948180,,,,,,
789.707007,130.949935,,,,,,
789.995886,130.950451,,,,,,
790.103796,130.951587,,,,,,
790.335547,130.952413,,,,,,
790.407507,130.953859,,,,,,
790.544043,130.955407,,,,,,
790.747168,130.956853,,,,,,
791.079321,130.958815,,,,,,
791.059912,130.959021,,,,,,
791.315466,130.960363,,,,,,
791.418921,130.962841,,,,,,
791.526587,130.963254,,,,,,
791.688208,130.962945,,,,,,
791.907813,130.965010,,,,,,
792.215002,130.966145,,,,,,
792.284949,130.967178,,,,,,
792.427100,130.968830,,,,,,
792.651221,130.969553,,,,,,
792.861548,130.970895,,,,,,
792.860632,130.973476,,,,,,
793.237769,130.973373,,,,,,
793.269141,130.975128,,,,,,
793.405615,130.975748,,,,,,
793.659033,130.976780,,,,,,
793.822302,130.978329,,,,,,
793.990088,130.979775,,,,,,
794.073096,130.979466,,,,,,
794.292578,130.980911,,,,,,
794.473120,130.982047,,,,,,
794.629736,130.983492,,,,,,
794.767188,130.984009,,,,,,
794.970984,130.986694,,,,,,
795.016943,130.988346,,,,,,
795.329565,130.989482,,,,,,
795.514685,130.988759,,,,,,
795.400305,130.991237,,,,,,
795.710852,130.992063,,,,,,
796.046301,130.994129,,,,,,
796.082190,130.994026,,,,,,
796.261938,130.995884,,,,,,
796.459998,130.995988,,,,,,
796.564185,130.998156,,,,,,
796.702185,130.999085,,,,,,
796.973914,131.001151,,,,,,
796.973059,131.002184,,,,,,
797.045752,131.002700,,,,,,
797.542334,131.004043,,,,,,
797.580847,131.005695,,,,,,
797.823096,131.004972,,,,,,
797.910620,131.007554,,,,,,
798.093054,131.009310,,,,,,
798.218176,131.008380,,,,,,
798.501746,131.011995,,,,,,
798.612280,131.013234,,,,,,
798.753027,131.013544,,,,,,
798.961951,131.014887,,,,,,
798.999854,131.015609,,,,,,
799.422461,131.015920,,,,,,
799.461096,131.017985,,,,,,
799.615637,131.019224,,,,,,
799.876257,131.020567,,,,,,
799.826392,131.021703,,,,,,
800.115454,131.022323,,,,,,
800.338232,131.022736,,,,,,
800.368445,131.025318,,,,,,
800.643530,131.027177,,,,,,
800.855139,131.028107,,,,,,
800.971106,131.029037,,,,,,
801.105505,131.030069,,,,,,
801.209448,131.030792,,,,,,
801.489111,131.032651,,,,,,
801.611487,131.034510,,,,,,
801.720007,131.035543,,,,,,
801.893896,131.035543,,,,,,
802.093420,131.037506,,,,,,
802.308630,131.039055,,,,,,
802.397742,131.040501,,,,,,
802.547827,131.041431,,,,,,
802.671057,131.042464,,,,,,
802.904456,131.042671,,,,,,
803.038794,131.044633,,,,,,
803.185034,131.046286,,,,,,
803.541663,131.046389,,,,,,
803.401953,131.047216,,,,,,
803.955420,131.049385,,,,,,
803.901221,131.050934,,,,,,
804.126440,131.051037,,,,,,
804.289954,131.053517,,,,,,
804.412207,131.054343,,,,,,
804.501379,131.054653,,,,,,
804.903052,131.056719,,,,,,
805.000281,131.057442,,,,,,
805.173193,131.058888,,,,,,
805.238379,131.060025,,,,,,
805.316565,131.061884,,,,,,
805.436865,131.062091,,,,,,
805.769629,131.063331,,,,,,
805.935645,131.063744,,,,,,
806.125037,131.065706,,,,,,
806.266333,131.066739,,,,,,
806.363928,131.068186,,,,,,
806.568640,131.068908,,,,,,
806.814856,131.068908,,,,,,
806.856299,131.071182,,,,,,
807.001318,131.072938,,,,,,
807.314551,131.073971,,,,,,
807.451270,131.075520,,,,,,
807.597327,131.075831,,,,,,
807.757056,131.076657,,,,,,
807.825964,131.078826,,,,,,
808.116064,131.079136,,,,,,
808.270361,131.080066,,,,,,
808.427222,131.080583,,,,,,
808.692603,131.081719,,,,,,
808.748633,131.085542,,,,,,
808.935828,131.083889,,,,,,
809.039465,131.086885,,,,,,
809.298560,131.087918,,,,,,
809.571936,131.088848,,,,,,
809.664771,131.090501,,,,,,
809.814185,131.090605,,,,,,
809.867529,131.092154,,,,,,
810.004187,131.093807,,,,,,
810.242712,131.095357,,,,,,
810.395850,131.095977,,,,,,
810.632727,131.096804,,,,,,
810.779517,131.098457,,,,,,
810.839148,131.099076,,,,,,
811.126196,131.100420,,,,,,
811.321509,131.101247,,,,,,
811.526160,131.102900,,,,,,
811.551794,131.103830,,,,,,
811.824255,131.106413,,,,,,
811.977271,131.106103,,,,,,
812.043433,131.108066,,,,,,
812.274512,131.109926,,,,,,
812.445898,131.110443,,,,,,
812.644873,131.111579,,,,,,
812.767737,131.112509,,,,,,
812.891394,131.113232,,,,,,
813.068518,131.115195,,,,,,
813.232520,131.115919,,,,,,
813.393958,131.116952,,,,,,
813.741248,131.118089,,,,,,
813.778906,131.120156,,,,,,
813.873206,131.121395,,,,,,
814.119788,131.122326,,,,,,
814.363684,131.122636,,,,,,
814.518530,131.123256,,,,,,
814.496497,131.125736,,,,,,
814.648718,131.127286,,,,,,
815.041785,131.128526,,,,,,
815.195532,131.130283,,,,,,
815.248816,131.129353,,,,,,
815.400854,131.131419,,,,,,
815.436560,131.132866,,,,,,
815.665686,131.133280,,,,,,
815.984412,131.135449,,,,,,
816.179419,131.135863,,,,,,
816.338782,131.136897,,,,,,
816.436865,131.137620,,,,,,
816.671240,131.139790,,,,,,
816.832556,131.141857,,,,,,
816.947974,131.142167,,,,,,
817.214331,131.142477,,,,,,
817.165869,131.143717,,,,,,
817.416724,131.144751,,,,,,
817.456946,131.146818,,,,,,
817.824988,131.147955,,,,,,
818.093420,131.148575,,,,,,
818.116064,131.150331,,,,,,
818.284644,131.152709,,,,,,
818.299109,131.151985,,,,,,
818.584692,131.154259,,,,,,
818.780737,131.156016,,,,,,
819.031348,131.155706,,,,,,
819.204443,131.157463,,,,,,
819.267371,131.157670,,,,,,
819.432227,131.158600,,,,,,
819.535559,131.160977,,,,,,
819.729590,131.162424,,,,,,
819.951025,131.163044,,,,,,
820.145850,131.163457,,,,,,
820.312354,131.165628,,,,,,
820.418494,131.167799,,,,,,
820.743262,131.167385,,,,,,
820.696631,131.168522,,,,,,
820.933569,131.169762,,,,,,
821.121863,131.169762,,,,,,
821.328772,131.173483,,,,,,
821.352271,131.172553,,,,,,
821.592810,131.174724,,,,,,
821.733740,131.176894,,,,,,
821.933081,131.176895,,,,,,
822.160620,131.177928,,,,,,
822.306860,131.178858,,,,,,
822.487097,131.180099,,,,,,
822.543677,131.180822,,,,,,
822.838843,131.184130,,,,,,
822.983435,131.183716,,,,,,
823.161658,131.185060,,,,,,
823.272253,131.186094,,,,,,
823.370154,131.187334,,,,,,
823.784033,131.189299,,,,,,
823.834387,131.190022,,,,,,
823.957678,131.191883,,,,,,
824.042761,131.193330,,,,,,
824.273901,131.194674,,,,,,
824.412695,131.194673,,,,,,
824.694922,131.195294,,,,,,
824.654822,131.196431,,,,,,
825.002905,131.198602,,,,,,
825.209387,131.199842,,,,,,
825.226843,131.200566,,,,,,
825.459814,131.203150,,,,,,
825.608496,131.204391,,,,,,
825.694373,131.204184,,,,,,
825.873389,131.205735,,,,,,
826.094458,131.206148,,,,,,
826.260657,131.207906,,,,,,
826.353613,131.208733,,,,,,
826.660498,131.209146,,,,,,
826.636816,131.211524,,,,,,
826.953650,131.211938,,,,,,
827.115271,131.212869,,,,,,
827.277747,131.214419,,,,,,
827.511389,131.217107,,,,,,
827.682898,131.216487,,,,,,
827.716833,131.218451,,,,,,
827.933997,131.219175,,,,,,
828.236121,131.219692,,,,,,
828.410315,131.221139,,,,,,
828.309241,131.222070,,,,,,
828.586584,131.223310,,,,,,
828.777258,131.224861,,,,,,
828.969885,131.225274,,,,,,
829.007178,131.226928,,,,,,
829.256201,131.228686,,,,,,
829.548193,131.229307,,,,,,
829.656897,131.230237,,,,,,
829.764502,131.232615,,,,,,
830.004431,131.233133,,,,,,
830.136633,131.234270,,,,,,
830.258032,131.235303,,,,,,
830.330847,131.236647,,,,,,
830.591650,131.236751,,,,,,
830.832495,131.238922,,,,,,
830.955542,131.240577,,,,,,
831.078589,131.241507,,,,,,
831.405127,131.243679,,,,,,
831.530920,131.243575,,,,,,
831.623022,131.245023,,,,,,
831.792578,131.245126,,,,,,
831.850989,131.246574,,,,,,
832.159155,131.246780,,,,,,
832.253943,131.250503,,,,,,
832.458167,131.251020,,,,,,
832.579993,131.252674,,,,,,
832.700476,131.253088,,,,,,
832.851782,131.254122,,,,,,
833.097693,131.256190,,,,,,
833.214514,131.257431,,,,,,
833.477881,131.257741,,,,,,
833.623450,131.258879,,,,,,
833.779272,131.259396,,,,,,
833.858618,131.260947,,,,,,
834.098364,131.261567,,,,,,
834.249426,131.263739,,,,,,
834.465369,131.264773,,,,,,
834.588293,131.266945,,,,,,
834.873389,131.267255,,,,,,
835.055762,131.268909,,,,,,
835.193091,131.270047,,,,,,
835.436316,131.270461,,,,,,
835.448157,131.272012,,,,,,
835.591895,131.274391,,,,,,
835.802222,131.274080,,,,,,
835.894324,131.274804,,,,,,
836.039954,131.275838,,,,,,
836.285681,131.277389,,,,,,
836.537939,131.277700,,,,,,
836.640784,131.278320,,,,,,
836.828406,131.279768,,,,,,
837.015723,131.280906,,,,,,
837.050452,131.282664,,,,,,
837.333533,131.283284,,,,,,
837.389075,131.285560,,,,,,
837.654761,131.285663,,,,,,
837.730139,131.288662,,,,,,
837.944006,131.288558,,,,,,
838.253455,131.289903,,,,,,
838.316321,131.291455,,,,,,
838.454565,131.292592,,,,,,
838.804785,131.293937,,,,,,
838.804053,131.293730,,,,,,
838.966772,131.296729,,,,,,
839.216833,131.296729,,,,,,
839.416052,131.298591,,,,,,
839.403418,131.299418,,,,,,
839.774512,131.300246,,,,,,
839.787146,131.301694,,,,,,
839.919958,131.303142,,,,,,
840.057349,131.305004,,,,,,
840.326392,131.305520,,,,,,
840.457312,131.306555,,,,,,
840.622778,131.308314,,,,,,
840.712805,131.309658,,,,,,
840.945532,131.310175,,,,,,
841.142798,131.310693,,,,,,
841.252844,131.312140,,,,,,
841.440100,131.314727,,,,,,
841.535559,131.315657,,,,,,
841.874609,131.315554,,,,,,
841.893652,131.317209,,,,,,
842.001807,131.318036,,,,,,
842.215308,131.319898,,,,,,
842.489783,131.320519,,,,,,
842.565100,131.322277,,,,,,
842.791541,131.323932,,,,,,
842.875037,131.325691,,,,,,
843.087622,131.324967,,,,,,
843.087622,131.325070,,,,,,
843.414648,131.327553,,,,,,
843.645544,131.328070,,,,,,
843.804358,131.329829,,,,,,
843.792578,131.331070,,,,,,
844.053198,131.332311,,,,,,
844.182227,131.333760,,,,,,
844.492896,131.333553,,,,,,
844.484656,131.336138,,,,,,
844.747168,131.337277,,,,,,
844.788855,131.338725,,,,,,
845.199438,131.338311,,,,,,
845.454260,131.339553,,,,,,
845.320776,131.341932,,,,,,
845.504370,131.343173,,,,,,
845.732214,131.343173,,,,,,
845.798438,131.343277,,,,,,
846.145178,131.345035,,,,,,
846.165137,131.345553,,,,,,
846.424658,131.347932,,,,,,
846.541052,131.348967,,,,,,
846.900244,131.350519,,,,,,
846.980078,131.351657,,,,,,
846.921118,131.352174,,,,,,
847.311438,131.353208,,,,,,
847.395728,131.354761,,,,,,
847.622656,131.355795,,,,,,
847.651465,131.357347,,,,,,
847.937354,131.360037,,,,,,
848.026160,131.360451,,,,,,
848.260291,131.361899,,,,,,
848.447058,131.364589,,,,,,
848.582312,131.363658,,,,,,
848.802649,131.366141,,,,,,
849.012915,131.367382,,,,,,
849.191748,131.367279,,,,,,
849.282385,131.367796,,,,,,
849.504675,131.370797,,,,,,
849.592505,131.370693,,,,,,
849.707617,131.373176,,,,,,
849.957922,131.375660,,,,,,
850.111060,131.375246,,,,,,
850.139990,131.377419,,,,,,
850.479285,131.377419,,,,,,
850.661292,131.377833,,,,,,
850.756445,131.379178,,,,,,
850.924170,131.381248,,,,,,
851.053748,131.381764,,,,,,
851.302954,131.381661,,,,,,
851.462439,131.383834,,,,,,
851.632971,131.385593,,,,,,
851.918250,131.386524,,,,,,
851.989783,131.388490,,,,,,
852.050574,131.388698,,,,,,
852.337744,131.390870,,,,,,
852.393896,131.391595,,,,,,
852.464514,131.393043,,,,,,
852.735388,131.393871,,,,,,
853.032507,131.395113,,,,,,
853.151099,131.397390,,,,,,
853.363013,131.397079,,,,,,
853.524268,131.397804,,,,,,
853.736121,131.399458,,,,,,
853.897314,131.400390,,,,,,
853.801428,131.402149,,,,,,
854.210608,131.403702,,,,,,
854.394385,131.405047,,,,,,
854.461401,131.405667,,,,,,
854.674902,131.406599,,,,,,
854.677771,131.408151,,,,,,
854.829077,131.408876,,,,,,
854.981055,131.409186,,,,,,
855.287939,131.410842,,,,,,
855.371191,131.410842,,,,,,
855.699744,131.413843,,,,,,
855.771216,131.413533,,,,,,
855.915198,131.417258,,,,,,
856.096960,131.416534,,,,,,
856.324927,131.418190,,,,,,
856.368323,131.418500,,,,,,
856.605505,131.419742,,,,,,
856.815283,131.421088,,,,,,
856.932043,131.422122,,,,,,
857.083228,131.423053,,,,,,
857.203345,131.425331,,,,,,
857.403235,131.425434,,,,,,
857.505469,131.426780,,,,,,
857.570654,131.427297,,,,,,
857.950537,131.430092,,,,,,
857.852820,131.429574,,,,,,
857.955054,131.431127,,,,,,
858.543616,131.434749,,,,,,
858.508337,131.434438,,,,,,
858.760718,131.435577,,,,,,
858.919775,131.437233,,,,,,
858.974097,131.438578,,,,,,
859.270605,131.439200,,,,,,
859.451392,131.441269,,,,,,
859.599707,131.442201,,,,,,
859.872778,131.443029,,,,,,
859.955847,131.442926,,,,,,
860.090369,131.443546,,,,,,
860.438330,131.445513,,,,,,
860.393042,131.447687,,,,,,
860.657874,131.448204,,,,,,
860.772559,131.448101,,,,,,
860.967810,131.450792,,,,,,
861.054785,131.452034,,,,,,
861.226172,131.453069,,,,,,
861.502661,131.454311,,,,,,
861.597510,131.454725,,,,,,
861.733008,131.456278,,,,,,
861.948889,131.457210,,,,,,
862.120520,131.458866,,,,,,
862.122229,131.460108,,,,,,
862.461035,131.461660,,,,,,
862.665015,131.462592,,,,,,
862.701941,131.462903,,,,,,
862.954993,131.465801,,,,,,
863.114722,131.466629,,,,,,
863.395422,131.467457,,,,,,
863.454260,131.469942,,,,,,
863.718604,131.469735,,,,,,
863.828711,131.472116,,,,,,
863.973181,131.474290,,,,,,
864.100562,131.475221,,,,,,
864.258459,131.475325,,,,,,
864.421912,131.476567,,,,,,
864.677161,131.477499,,,,,,
864.801733,131.478327,,,,,,
865.056189,131.479465,,,,,,
865.148352,131.481743,,,,,,
865.336890,131.482157,,,,,,
865.369177,131.483088,,,,,,
865.655188,131.484021,,,,,,
865.413428,131.486298,,,,,,
866.042212,131.487127,,,,,,
866.157813,131.487851,,,,,,
866.387915,131.489094,,,,,,
866.505957,131.490957,,,,,,
866.493384,131.491682,,,,,,
866.787390,131.492406,,,,,,
867.136267,131.493752,,,,,,
867.193213,131.494580,,,,,,
867.270544,131.496962,,,,,,
867.290625,131.498515,,,,,,
867.648413,131.499861,,,,,,
867.652014,131.499861,,,,,,
867.939734,131.501724,,,,,,
868.040747,131.502760,,,,,,
868.339087,131.504727,,,,,,
868.391455,131.505141,,,,,,
868.708594,131.507419,,,,,,
868.601233,131.507729,,,,,,
868.975317,131.509075,,,,,,
869.030310,131.510214,,,,,,
869.175391,131.511353,,,,,,
869.500891,131.511767,,,,,,
869.710608,131.513113,,,,,,
869.763892,131.513734,,,,,,
869.872961,131.515495,,,,,,
870.127783,131.516116,,,,,,
870.151221,131.518808,,,,,,
870.502539,131.520465,,,,,,
870.775427,131.521500,,,,,,
870.755652,131.521914,,,,,,
870.915076,131.523882,,,,,,
871.129492,131.525332,,,,,,
871.235754,131.526056,,,,,,
871.477942,131.526574,,,,,,
871.569067,131.526574,,,,,,
871.720129,131.528749,,,,,,
872.104651,131.528749,,,,,,
872.162390,131.530820,,,,,,
872.348608,131.532476,,,,,,
872.412634,131.534444,,,,,,
872.599890,131.534651,,,,,,
872.807776,131.536618,,,,,,
872.833838,131.537033,,,,,,
873.179419,131.539828,,,,,,
872.995886,131.541278,,,,,,
873.501685,131.541796,,,,,,
873.560217,131.542832,,,,,,
873.850684,131.543867,,,,,,
874.015540,131.543039,,,,,,
874.066809,131.544074,,,,,,
874.332312,131.547595,,,,,,
874.353735,131.548734,,,,,,
875.029395,131.549252,,,,,,
874.837927,131.551116,,,,,,
875.072668,131.552980,,,,,,
874.960120,131.553291,,,,,,
875.384741,131.555570,,,,,,
875.490759,131.556501,,,,,,
875.661719,131.558055,,,,,,
875.732581,131.558470,,,,,,
875.853186,131.559401,,,,,,
876.105933,131.559712,,,,,,
876.153418,131.561783,,,,,,
876.507788,131.563441,,,,,,
876.708167,131.563130,,,,,,
876.873694,131.565926,,,,,,
876.970801,131.567065,,,,,,
877.188391,131.567272,,,,,,
877.406775,131.569033,,,,,,
877.603430,131.571312,,,,,,
877.067908,131.573694,,,,,,
877.796851,131.574937,,,,,,
877.977576,131.574833,,,,,,
877.982886,131.577319,,,,,,
878.365637,131.577940,,,,,,
878.558875,131.579494,,,,,,
878.498633,131.580426,,,,,,
878.645972,131.580633,,,,,,
878.824744,131.582601,,,,,,
879.123999,131.584258,,,,,,
879.182410,131.585605,,,,,,
879.467810,131.586951,,,,,,
879.666418,131.588505,,,,,,
879.876501,131.588505,,,,,,
879.914404,131.591405,,,,,,
879.840735,131.592130,,,,,,
880.304907,131.593270,,,,,,
880.607581,131.593063,,,,,,
880.586218,131.595963,,,,,,
880.973853,131.594616,,,,,,
880.976599,131.596895,,,,,,
880.977454,131.598553,,,,,,
881.591528,131.600210,,,,,,
881.497412,131.600417,,,,,,
881.688452,131.603007,,,,,,
881.968481,131.603110,,,,,,
881.669592,131.605389,,,,,,
882.314124,131.606943,,,,,,
882.341833,131.608083,,,,,,
882.468481,131.608497,,,,,,
882.634314,131.609637,,,,,,
882.957373,131.611294,,,,,,
883.104712,131.612537,,,,,,
883.294714,131.613884,,,,,,
883.267065,131.615955,,,,,,
883.597083,131.616059,,,,,,
883.897559,131.617821,,,,,,
883.692114,131.618649,,,,,,
883.713782,131.620307,,,,,,
883.830359,131.620514,,,,,,
884.414954,131.621861,,,,,,
884.456396,131.622689,,,,,,
884.754980,131.625072,,,,,,
884.847449,131.625279,,,,,,
884.851843,131.626937,,,,,,
884.992590,131.629009,,,,,,
885.343115,131.630874,,,,,,
885.647192,131.632117,,,,,,
885.493689,131.634189,,,,,,
885.904456,131.634396,,,,,,
886.069189,131.636572,,,,,,
886.444800,131.638230,,,,,,
886.260107,131.638748,,,,,,
886.752234,131.641545,,,,,,
886.620337,131.640716,,,,,,
886.739722,131.642063,,,,,,
886.851721,131.643203,,,,,,
886.900000,131.644446,,,,,,
887.269202,131.646415,,,,,,
887.198462,131.646726,,,,,,
887.573950,131.648901,,,,,,
887.823828,131.649005,,,,,,
888.032507,131.651595,,,,,,
888.175879,131.651699,,,,,,
888.612830,131.654289,,,,,,
888.467749,131.654807,,,,,,
888.223242,131.655429,,,,,,
888.832312,131.656258,,,,,,
889.087561,131.659056,,,,,,
889.217261,131.659470,,,,,,
889.450110,131.660506,,,,,,
889.581763,131.662578,,,,,,
889.745520,131.663097,,,,,,
890.433936,131.667138,,,,,,
889.725012,131.666931,,,,,,
889.920142,131.667552,,,,,,
890.040930,131.667863,,,,,,
890.168066,131.669935,,,,,,
890.911902,131.672941,,,,,,
890.798315,131.674288,,,,,,
890.668494,131.674391,,,,,,
891.129370,131.674806,,,,,,
891.102454,131.676671,,,,,,
891.183936,131.675738,,,,,,
891.583044,131.678122,,,,,,
890.804419,131.680195,,,,,,
891.975928,131.682785,,,,,,
892.435645,131.682474,,,,,,
892.404333,131.684236,,,,,,
892.562720,131.684858,,,,,,
892.699438,131.686412,,,,,,
892.574316,131.687656,,,,,,
892.811255,131.689417,,,,,,
892.908789,131.690247,,,,,,
893.039465,131.691801,,,,,,
893.667090,131.693978,,,,,,
893.760962,131.695118,,,,,,
893.910376,131.695947,,,,,,
893.854773,131.697501,,,,,,
893.866370,131.699159,,,,,,
893.995276,131.701025,,,,,,
893.755713,131.703409,,,,,,
894.547705,131.703616,,,,,,
893.741370,131.704652,,,,,,
894.531592,131.705689,,,,,,
895.150122,131.707451,,,,,,
895.337683,131.708176,,,,,,
895.538855,131.709316,,,,,,
894.780127,131.711389,,,,,,
896.259070,131.713669,,,,,,
896.107947,131.713151,,,,,,
895.716406,131.714498,,,,,,
896.432288,131.716053,,,,,,
896.708228,131.716779,,,,,,
896.553687,131.718955,,,,,,
897.093420,131.720717,,,,,,
896.684119,131.720821,,,,,,
897.003210,131.721754,,,,,,
897.262000,131.723516,,,,,,
897.695959,131.724967,,,,,,
897.652258,131.726315,,,,,,
898.407568,131.727973,,,,,,
898.067725,131.729631,,,,,,
898.158545,131.730876,,,,,,
898.205054,131.733259,,,,,,
898.657690,131.733259,,,,,,
898.498755,131.734089,,,,,,
898.951392,131.735851,,,,,,
899.199438,131.737820,,,,,,
899.203894,131.738753,,,,,,
899.180151,131.741656,,,,,,
899.743933,131.740930,,,,,,
899.036169,131.742381,,,,,,
899.763464,131.743003,,,,,,
899.965186,131.745491,,,,,,
900.294409,131.745180,,,,,,
900.177527,131.746735,,,,,,
900.116003,131.749119,,,,,,
900.619971,131.751089,,,,,,
900.729773,131.754821,,,,,,
900.926978,131.753473,,,,,,
901.271277,131.754924,,,,,,
901.701147,131.756894,,,,,,
901.167761,131.755754,,,,,,
902.004370,131.757827,,,,,,
901.789282,131.758449,,,,,,
902.027625,131.762596,,,,,,
902.619543,131.762596,,,,,,
902.609595,131.763840,,,,,,
902.167578,131.764773,,,,,,
901.928503,131.766639,,,,,,
902.779944,131.766951,,,,,,
902.574072,131.767676,,,,,,
903.419958,131.770579,,,,,,
903.210608,131.770786,,,,,,
903.571448,131.773067,,,,,,
903.057166,131.773274,,,,,,
904.263831,131.774622,,,,,,
904.089453,131.777110,,,,,,
903.628516,131.778769,,,,,,
904.366370,131.780428,,,,,,
904.254187,131.781361,,,,,,
904.860876,131.781983,,,,,,
904.817236,131.785094,,,,,,
904.953528,131.784161,,,,,,
904.671179,131.785094,,,,,,
905.634985,131.786027,,,,,,
905.347205,131.789034,,,,,,
905.602087,131.791004,,,,,,
905.847815,131.791522,,,,,,
905.868262,131.792767,,,,,,
905.891455,131.794426,,,,,,
906.129248,131.795462,,,,,,
906.253027,131.796085,,,,,,
906.661719,131.797847,,,,,,
905.991187,131.800440,,,,,,
905.987708,131.800647,,,,,,
907.137976,131.802617,,,,,,
907.260046,131.803032,,,,,,
907.781653,131.805209,,,,,,
907.850073,131.807387,,,,,,
908.086768,131.807698,,,,,,
907.977332,131.810083,,,,,,
908.362769,131.809876,,,,,,
908.063635,131.810809,,,,,,
907.218970,131.812468,,,,,,
908.272986,131.813712,,,,,,
908.626074,131.817446,,,,,,
909.256995,131.816616,,,,,,
910.091101,131.820349,,,,,,
909.531714,131.818690,,,,,,
908.605750,131.820038,,,,,,
908.933997,131.823875,,,,,,
909.573645,131.823771,,,,,,
909.926917,131.826364,,,,,,
910.051245,131.826157,,,,,,
910.309241,131.828335,,,,,,
910.379370,131.829579,,,,,,
910.541235,131.830720,,,,,,
910.977759,131.832483,,,,,,
911.239172,131.834038,,,,,,
911.639197,131.834246,,,,,,
911.623206,131.836527,,,,,,
911.098792,131.837461,,,,,,
911.794653,131.838394,,,,,,
912.182166,131.840365,,,,,,
912.432898,131.840676,,,,,,
912.436438,131.842854,,,,,,
912.475500,131.843061,,,,,,
912.679846,131.847728,,,,,,
912.798132,131.849077,,,,,,
913.134985,131.848454,,,,,,
912.786597,131.851151,,,,,,
913.358557,131.850529,,,,,,
913.120703,131.851566,,,,,,
913.568396,131.854470,,,,,,
914.203467,131.854470,,,,,,
914.079993,131.856544,,,,,,
913.899634,131.857997,,,,,,
914.569373,131.859034,,,,,,
913.964514,131.858515,,,,,,
914.319800,131.860901,,,,,,
914.926367,131.862249,,,,,,
915.032996,131.865154,,,,,,
915.249609,131.864946,,,,,,
914.318152,131.867332,,,,,,
914.939856,131.867746,,,,,,
916.044104,131.868680,,,,,,
915.898535,131.871170,,,,,,
916.053076,131.872829,,,,,,
915.628516,131.874489,,,,,,
915.907385,131.873866,,,,,,
916.541235,131.876356,,,,,,
915.859290,131.877082,,,,,,
916.935034,131.878016,,,,,,
916.726660,131.880194,,,,,,
917.028296,131.882684,,,,,,
917.423193,131.883203,,,,,,
917.261572,131.883721,,,,,,
917.667151,131.883099,,,,,,
917.277563,131.886626,,,,,,
918.491064,131.888182,,,,,,
918.380225,131.891086,,,,,,
918.280005,131.891397,,,,,,
918.807715,131.894510,,,,,,
918.637427,131.893265,,,,,,
918.870703,131.893783,,,,,,
918.732397,131.896170,,,,,,
918.541541,131.896585,,,,,,
919.477332,131.900631,,,,,,
919.235205,131.899696,,,,,,
919.702429,131.900527,,,,,,
919.543677,131.900527,,,,,,
919.078223,131.906336,,,,,,
919.860083,131.905403,,,,,,
919.778601,131.906648,,,,,,
920.916663,131.909553,,,,,,
919.758276,131.907478,,,,,,
920.829871,131.911628,,,,,,
920.965369,131.911316,,,,,,
921.092200,131.914636,,,,,,
920.734167,131.913910,,,,,,
922.588416,131.916089,,,,,,
921.417456,131.918060,,,,,,
920.499426,131.917853,,,,,,
921.797644,131.919720,,,,,,
922.037390,131.921899,,,,,,
921.575903,131.923248,,,,,,
922.027808,131.923974,,,,,,
922.104895,131.925531,,,,,,
922.573401,131.927191,,,,,,
923.058081,131.928436,,,,,,
922.795691,131.929577,,,,,,
922.459082,131.932171,,,,,,
923.593604,131.933831,,,,,,
923.203101,131.933935,,,,,,
924.169897,131.937982,,,,,,
924.714270,131.934350,,,,,,
923.813147,131.936944,,,,,,
924.234534,131.937670,,,,,,
924.364722,131.938916,,,,,,
924.959448,131.938708,,,,,,
924.724890,131.939849,,,,,,
925.719519,131.941614,,,,,,
925.387854,131.944000,,,,,,
924.720618,131.945764,,,,,,
925.848730,131.947321,,,,,,
925.662878,131.949085,,,,,,
925.313391,131.952302,,,,,,
926.251318,131.950537,,,,,,
926.047034,131.950122,,,,,,
926.377783,131.950537,,,,,,
926.129980,131.956349,,,,,,
926.834265,131.956245,,,,,,
926.009741,131.956141,,,,,,
926.925330,131.957283,,,,,,
927.397498,131.960500,,,,,,
927.520422,131.961123,,,,,,
927.462988,131.961745,,,,,,
925.983191,131.962471,,,,,,
928.220862,131.964132,,,,,,
928.165076,131.966519,,,,,,
928.036841,131.967557,,,,,,
927.485876,131.969943,,,,,,
928.340002,131.970981,,,,,,
927.513281,131.972849,,,,,,
928.639746,131.971812,,,,,,
929.048865,131.974510,,,,,,
928.894385,131.976378,,,,,,
929.293738,131.978246,,,,,,
929.875952,131.980114,,,,,,
929.494421,131.979906,,,,,,
929.037390,131.981048,,,,,,
929.472327,131.982501,,,,,,
930.403479,131.984888,,,,,,
929.645544,131.984369,,,,,,
930.407019,131.986341,,,,,,
930.462561,131.988106,,,,,,
930.648230,131.989974,,,,,,
930.522620,131.991219,,,,,,
929.845129,131.991427,,,,,,
930.586340,131.992569,,,,,,
930.346045,131.993295,,,,,,
931.290259,131.996098,,,,,,
932.166235,131.995164,,,,,,
932.213904,131.998173,,,,,,
932.086707,132.000146,,,,,,
932.190100,132.000457,,,,,,
931.629370,132.002948,,,,,,
932.409827,132.002948,,,,,,
932.942053,132.005958,,,,,,
933.009314,132.005024,,,,,,
932.467200,132.007308,,,,,,
933.146887,132.008864,,,,,,
933.781531,132.010007,,,,,,
933.475256,132.008138,,,,,,
933.896277,132.011875,,,,,,
933.983618,132.015300,,,,,,
932.760352,132.014055,,,,,,
933.777075,132.018103,,,,,,
934.247534,132.017999,,,,,,
934.223547,132.020594,,,,,,
934.886938,132.019660,,,,,,
934.587073,132.020179,,,,,,
935.535254,132.025162,,,,,,
936.077490,132.025162,,,,,,
935.536108,132.025889,,,,,,
935.382666,132.027654,,,,,,
934.871985,132.027446,,,,,,
935.773291,132.033363,,,,,,
935.500830,132.033052,,,,,,
936.231848,132.032014,,,,,,
935.857153,132.033571,,,,,,
936.602026,132.035647,,,,,,
936.568518,132.039384,,,,,,
936.540442,132.039177,,,,,,
937.109839,132.040319,,,,,,
937.305457,132.040630,,,,,,
937.747900,132.042291,,,,,,
937.636084,132.043849,,,,,,
937.649146,132.047898,,,,,,
937.533728,132.047690,,,,,,
938.005103,132.048729,,,,,,
938.336462,132.048729,,,,,,
937.734778,132.051739,,,,,,
937.577917,132.052985,,,,,,
938.160315,132.054854,,,,,,
938.655554,132.055269,,,,,,
938.913489,132.056411,,,,,,
938.928381,132.057865,,,,,,
940.309424,132.058799,,,,,,
938.865149,132.059837,,,,,,
939.708228,132.058696,,,,,,
939.820715,132.062329,,,,,,
940.461768,132.062640,,,,,,
940.018042,132.065652,,,,,,
939.844458,132.066482,,,,,,
940.099097,132.069597,,,,,,
940.300696,132.071154,,,,,,
940.582495,132.071882,,,,,,
941.518103,132.071259,,,,,,
941.665991,132.072089,,,,,,
941.578833,132.073128,,,,,,
941.290137,132.076243,,,,,,
941.286963,132.076762,,,,,,
941.880713,132.078216,,,,,,
942.172949,132.078838,,,,,,
942.035620,132.081746,,,,,,
942.200232,132.082992,,,,,,
941.811194,132.085069,,,,,,
942.753699,132.083615,,,,,,
943.606726,132.088807,,,,,,
943.923499,132.089430,,,,,,
942.775549,132.088911,,,,,,
943.245337,132.090988,,,,,,
943.790625,132.092546,,,,,,
944.007056,132.096180,,,,,,
944.424719,132.092546,,,,,,
943.363989,132.095453,,,,,,
943.221533,132.097738,,,,,,
944.320044,132.099919,,,,,,
944.727942,132.098880,,,,,,
945.556189,132.101165,,,,,,
944.219885,132.102411,,,,,,
944.366553,132.105630,,,,,,
944.878394,132.103034,,,,,,
945.143774,132.108434,,,,,,
946.231055,132.107811,,,,,,
945.965674,132.111550,,,,,,
945.194861,132.111134,,,,,,
946.645911,132.111134,,,,,,
944.946021,132.113627,,,,,,
947.296790,132.116846,,,,,,
946.509680,132.116639,,,,,,
946.751379,132.118404,,,,,,
946.453284,132.117054,,,,,,
947.423254,132.122870,,,,,,
946.882056,132.121105,,,,,,
947.068457,132.122351,,,,,,
947.086829,132.125259,,,,,,
948.222388,132.126401,,,,,,
946.555212,132.128167,,,,,,
947.263342,132.127025,,,,,,
948.259375,132.128998,,,,,,
947.153540,132.132010,,,,,,
947.962561,132.131075,,,,,,
948.522742,132.132633,,,,,,
949.442847,132.133776,,,,,,
948.760901,132.134815,,,,,,
948.845801,132.135230,,,,,,
949.522803,132.138969,,,,,,
948.184607,132.139281,,,,,,
950.013281,132.140839,,,,,,
948.822241,132.143539,,,,,,
950.530188,132.143643,,,,,,
949.212866,132.141254,,,,,,
950.809119,132.145513,,,,,,
951.382178,132.147279,,,,,,
950.009863,132.148214,,,,,,
951.322424,132.150291,,,,,,
950.488989,132.154654,,,,,,
950.858252,132.151953,,,,,,
951.305884,132.154342,,,,,,
950.470496,132.155173,,,,,,
950.474890,132.156939,,,,,,
951.713660,132.160263,,,,,,
952.153967,132.159328,,,,,,
952.351355,132.160575,,,,,,
951.754858,132.162964,,,,,,
952.311987,132.165250,,,,,,
952.236426,132.164107,,,,,,
953.087073,132.165250,,,,,,
951.943701,132.167951,,,,,,
952.916968,132.168055,,,,,,
953.534033,132.172002,,,,,,
953.806677,132.169301,,,,,,
953.741858,132.172729,,,,,,
953.320227,132.174496,,,,,,
954.194922,132.175742,,,,,,
954.662817,132.175119,,,,,,
954.503271,132.177612,,,,,,
954.330786,132.177716,,,,,,
954.455298,132.180313,,,,,,
955.753638,132.182287,,,,,,
954.121375,132.184573,,,,,,
955.583594,132.181560,,,,,,
954.991370,132.188209,,,,,,
956.725684,132.189663,,,,,,
955.470557,132.189767,,,,,,
955.928870,132.188625,,,,,,
956.310767,132.193404,,,,,,
956.149512,132.194132,,,,,,
956.224951,132.193196,,,,,,
956.437659,132.196209,,,,,,
956.499915,132.196936,,,,,,
956.866553,132.197560,,,,,,
956.798315,132.199326,,,,,,
956.853552,132.200781,,,,,,
958.049414,132.203171,,,,,,
957.863867,132.205768,,,,,,
957.749243,132.202235,,,,,,
957.305334,132.205352,,,,,,
957.277258,132.204313,,,,,,
958.122046,132.207534,,,,,,
958.451270,132.208573,,,,,,
957.701819,132.210340,,,,,,
958.555579,132.213041,,,,,,
958.493933,132.210548,,,,,,
959.168616,132.215431,,,,,,
958.400549,132.216678,,,,,,
959.205420,132.216782,,,,,,
959.051367,132.218756,,,,,,
959.865942,132.221250,,,,,,
959.312170,132.223017,,,,,,
958.554419,132.222289,,,,,,
960.062659,132.225407,,,,,,
960.919714,132.224991,,,,,,
960.310950,132.229667,,,,,,
960.376746,132.227485,,,,,,
960.256079,132.231018,,,,,,
961.259009,132.231642,,,,,,
960.476416,132.232370,,,,,,
962.120032,132.232993,,,,,,
961.146277,132.236318,,,,,,
962.196021,132.237981,,,,,,
961.595740,132.237669,,,,,,
962.072974,132.239644,,,,,,
961.430212,132.239435,,,,,,
962.604163,132.240163,,,,,,
961.793188,132.241722,,,,,,
962.781653,132.243697,,,,,,
962.876013,132.245359,,,,,,
962.952002,132.247542,,,,,,
962.387549,132.248893,,,,,,
962.811438,132.247957,,,,,,
962.986121,132.251283,,,,,,
964.606543,132.252946,,,,,,
963.639502,132.253881,,,,,,
964.246008,132.256791,,,,,,
964.738623,132.258142,,,,,,
963.992712,132.258766,,,,,,
964.893896,132.261988,,,,,,
964.285132,132.259597,,,,,,
964.624915,132.263443,,,,,,
965.265051,132.263962,,,,,,
965.956580,132.264794,,,,,,
965.097327,132.265937,,,,,,
966.394568,132.267184,,,,,,
966.316870,132.268536,,,,,,
965.849219,132.271965,,,,,,
965.560095,132.272173,,,,,,
965.714758,132.272277,,,,,,
966.175635,132.273940,,,,,,
965.911902,132.276123,,,,,,
966.340369,132.278306,,,,,,
966.305579,132.280177,,,,,,
967.795081,132.280281,,,,,,
966.316138,132.282464,,,,,,
967.920752,132.284335,,,,,,
967.633704,132.284646,,,,,,
968.346289,132.287037,,,,,,
967.949683,132.288596,,,,,,
967.468909,132.289324,,,,,,
968.026221,132.290156,,,,,,
968.368201,132.291819,,,,,,
968.346411,132.293274,,,,,,
968.493933,132.294209,,,,,,
969.925635,132.292338,,,,,,
968.350867,132.295769,,,,,,
968.505225,132.298575,,,,,,
968.744116,132.298471,,,,,,
969.287390,132.299303,,,,,,
969.443274,132.303046,,,,,,
968.992773,132.305437,,,,,,
969.508948,132.303981,,,,,,
969.438208,132.304917,,,,,,
969.904517,132.307100,,,,,,
970.229590,132.307412,,,,,,
970.484351,132.310842,,,,,,
971.493384,132.309075,,,,,,
970.915747,132.312817,,,,,,
971.201453,132.314897,,,,,,
971.505591,132.314065,,,,,,
971.342627,132.320303,,,,,,
971.773962,132.318431,,,,,,
972.569250,132.321966,,,,,,
971.847327,132.320822,,,,,,
972.602332,132.322486,,,,,,
972.472571,132.323734,,,,,,
973.435767,132.324046,,,,,,
972.372595,132.328412,,,,,,
972.813269,132.327996,,,,,,
972.814185,132.329972,,,,,,
972.523962,132.328308,,,,,,
973.146643,132.331011,,,,,,
973.523596,132.332363,,,,,,
973.217383,132.334234,,,,,,
974.094092,132.336834,,,,,,
973.501990,132.334754,,,,,,
974.712012,132.338913,,,,,,
974.214087,132.339329,,,,,,
973.885962,132.342656,,,,,,
974.605872,132.340785,,,,,,
976.068579,132.345776,,,,,,
975.323828,132.344632,,,,,,
974.968726,132.347543,,,,,,
975.701575,132.348271,,,,,,
975.145422,132.347023,,,,,,
976.324377,132.350454,,,,,,
976.114722,132.353990,,,,,,
975.671973,132.352638,,,,,,
975.785864,132.353886,,,,,,
975.327124,132.355029,,,,,,
976.453955,132.356485,,,,,,
977.531470,132.358045,,,,,,
976.283423,132.359189,,,,,,
976.773169,132.360229,,,,,,
975.891089,132.360645,,,,,,
977.813208,132.361893,,,,,,
977.517676,132.365636,,,,,,
976.842566,132.364597,,,,,,
977.557654,132.367196,,,,,,
977.214209,132.370211,,,,,,
977.520117,132.368756,,,,,,
978.665869,132.372291,,,,,,
978.230505,132.373123,,,,,,
978.137427,132.373851,,,,,,
978.244116,132.376867,,,,,,
978.782385,132.376347,,,,,,
978.581702,132.377387,,,,,,
979.161475,132.377179,,,,,,
980.306494,132.379675,,,,,,
979.418616,132.380507,,,,,,
979.554846,132.382795,,,,,,
979.569617,132.384562,,,,,,
980.164038,132.387058,,,,,,
980.531531,132.388099,,,,,,
979.914771,132.389242,,,,,,
980.453284,132.389971,,,,,,
981.539893,132.389763,,,,,,
980.907629,132.392155,,,,,,
980.846838,132.393090,,,,,,
981.190710,132.396003,,,,,,
980.802588,132.395483,,,,,,
982.505225,132.398395,,,,,,
981.733435,132.398603,,,,,,
982.027686,132.401203,,,,,,
982.170081,132.401515,,,,,,
982.636389,132.404947,,,,,,
982.210913,132.402867,,,,,,
981.936682,132.406715,,,,,,
982.978308,132.407860,,,,,,
982.943701,132.408796,,,,,,
984.259924,132.409315,,,,,,
982.900061,132.411604,,,,,,
983.018225,132.409524,,,,,,
983.872168,132.412852,,,,,,
984.396155,132.417845,,,,,,
983.796790,132.414620,,,,,,
984.184546,132.417220,,,,,,
984.488989,132.418365,,,,,,
983.807959,132.421069,,,,,,
985.155188,132.420965,,,,,,
984.507178,132.423565,,,,,,
985.368445,132.422629,,,,,,
985.002539,132.426686,,,,,,
984.466528,132.427206,,,,,,
985.503638,132.428038,,,,,,
984.992102,132.429079,,,,,,
985.454382,132.432824,,,,,,
985.838416,132.434592,,,,,,
986.160925,132.433240,,,,,,
985.711707,132.433656,,,,,,
986.184363,132.436672,,,,,,
987.081580,132.440105,,,,,,
985.980688,132.439896,,,,,,
986.964514,132.439793,,,,,,
987.625830,132.441769,,,,,,
988.336218,132.443746,,,,,,
987.147559,132.445098,,,,,,
987.347693,132.445722,,,,,,
987.821570,132.447283,,,,,,
987.754065,132.448323,,,,,,
988.128455,132.447491,,,,,,
988.481909,132.450612,,,,,,
988.280005,132.451028,,,,,,
987.949072,132.453317,,,,,,
988.358008,132.454773,,,,,,
988.774634,132.453628,,,,,,
989.052588,132.458726,,,,,,
989.768835,132.460911,,,,,,
989.086340,132.461327,,,,,,
988.982581,132.462056,,,,,,
989.855505,132.464969,,,,,,
991.207556,132.463824,,,,,,
989.882361,132.464865,,,,,,
990.113562,132.468194,,,,,,
990.812964,132.466945,,,,,,
991.232031,132.470067,,,,,,
990.403540,132.470587,,,,,,
990.988806,132.471835,,,,,,
991.288123,132.475268,,,,,,
990.909949,132.473604,,,,,,
992.100806,132.476726,,,,,,
991.262976,132.477142,,,,,,
992.805945,132.478702,,,,,,
991.214636,132.479015,,,,,,
991.509680,132.480575,,,,,,
991.929480,132.481199,,,,,,
992.505774,132.483801,,,,,,
993.130286,132.485882,,,,,,
992.522925,132.486402,,,,,,
993.189001,132.489628,,,,,,
992.690833,132.490044,,,,,,
993.263403,132.491501,,,,,,
993.264258,132.490980,,,,,,
994.365881,132.494415,,,,,,
993.239111,132.493582,,,,,,
993.766638,132.496495,,,,,,
994.066687,132.498160,,,,,,
993.758093,132.499201,,,,,,
994.391882,132.498889,,,,,,
994.639868,132.500761,,,,,,
994.665076,132.500345,,,,,,
994.746558,132.505444,,,,,,
994.840674,132.504819,,,,,,
995.972693,132.508150,,,,,,
995.597815,132.509190,,,,,,
996.444556,132.509503,,,,,,
995.384253,132.513353,,,,,,
995.990088,132.513457,,,,,,
996.108313,132.514081,,,,,,
995.500952,132.517620,,,,,,
996.458472,132.518036,,,,,,
995.830237,132.516787,,,,,,
996.937842,132.518972,,,,,,
997.023413,132.523447,,,,,,
996.761572,132.523031,,,,,,
997.379187,132.524280,,,,,,
997.796484,132.526361,,,,,,
997.929419,132.527194,,,,,,
997.701392,132.529171,,,,,,
997.906958,132.530524,,,,,,
998.419043,132.531253,,,,,,
998.266211,132.534063,,,,,,
998.842993,132.532606,,,,,,
998.835974,132.534167,,,,,,
998.646948,132.536665,,,,,,
999.201086,132.538226,,,,,,
998.864417,132.540307,,,,,,
999.307288,132.539996,,,,,,
999.853430,132.541556,,,,,,
999.107886,132.540828,,,,,,
999.765540,132.544783,,,,,,
999.813879,132.546136,,,,,,
999.085364,132.546032,,,,,,
1000.084814,132.546969,,,,,,
999.876746,132.548322,,,,,,
1000.910681,132.550715,,,,,,
1000.876990,132.552276,,,,,,
1001.605017,132.551757,,,,,,
1000.871741,132.556024,,,,,,
1001.309973,132.556544,,,,,,
1001.531470,132.556857,,,,,,
1001.680884,132.559459,,,,,,
1001.661047,132.559147,,,,,,
1002.005957,132.559459,,,,,,
1001.776709,132.562477,,,,,,
1002.416418,132.565080,,,,,,
1002.602515,132.563935,,,,,,
1002.893164,132.566433,,,,,,
1002.666357,132.567786,,,,,,
1002.699316,132.569555,,,,,,
1002.873450,132.569764,,,,,,
1003.244177,132.572158,,,,,,
1004.571082,132.571013,,,,,,
1003.500037,132.574136,,,,,,
1004.048987,132.575905,,,,,,
1003.682776,132.577258,,,,,,
1003.845801,132.577363,,,,,,
1004.097266,132.581422,,,,,,
1003.350012,132.579445,,,,,,
1004.708105,132.583609,,,,,,
1005.118933,132.584962,,,,,,
1004.571204,132.585691,,,,,,
1005.305212,132.587565,,,,,,
1005.347388,132.588918,,,,,,
1005.276709,132.589439,,,,,,
1004.375647,132.589126,,,,,,
1005.963110,132.592249,,,,,,
1005.425757,132.592665,,,,,,
1006.191382,132.594540,,,,,,
1006.181982,132.595894,,,,,,
1006.265540,132.596518,,,,,,
1006.459875,132.599849,,,,,,
1006.740698,132.600786,,,,,,
1007.082617,132.602035,,,,,,
1007.290320,132.604535,,,,,,
1007.592993,132.604222,,,,,,
1007.235754,132.605575,,,,,,
1007.615393,132.606513,,,,,,
1007.693640,132.608178,,,,,,
1007.614661,132.607866,,,,,,
1008.501929,132.612343,,,,,,
1008.097266,132.609636,,,,,,
1008.245337,132.614321,,,,,,
1008.703284,132.615050,,,,,,
1008.898352,132.615987,,,,,,
1008.873328,132.617757,,,,,,
1009.107520,132.618903,,,,,,
1008.983740,132.619318,,,,,,
1009.248633,132.621297,,,,,,
1009.550513,132.622859,,,,,,
1010.391516,132.624004,,,,,,
1010.083655,132.625462,,,,,,
1010.117163,132.626711,,,,,,
1010.017310,132.628689,,,,,,
1010.350684,132.629939,,,,,,
1011.309058,132.629627,,,,,,
1010.750098,132.632959,,,,,,
1010.820776,132.635354,,,,,,
1011.138037,132.637229,,,,,,
1011.268530,132.637228,,,,,,
1011.297949,132.638998,,,,,,
1011.533240,132.640561,,,,,,
1011.718298,132.641393,,,,,,
1012.038123,132.641706,,,,,,
1012.042883,132.644413,,,,,,
1012.288000,132.643579,,,,,,
1012.303442,132.646183,,,,,,
1012.607703,132.647433,,,,,,
1012.702124,132.649099,,,,,,
1012.719336,132.650453,,,,,,
1013.133643,132.652952,,,,,,
1013.264014,132.653057,,,,,,
1013.312048,132.653890,,,,,,
1013.799170,132.656597,,,,,,
1013.506262,132.658159,,,,,,
1013.996741,132.659097,,,,,,
1014.105811,132.660867,,,,,,
1014.300818,132.660242,,,,,,
1014.347083,132.663366,,,,,,
1014.377234,132.663366,,,,,,
1015.101111,132.666490,,,,,,
1014.801428,132.666386,,,,,,
1015.079688,132.668677,,,,,,
1015.198218,132.670552,,,,,,
1015.523291,132.670448,,,,,,
1015.861548,132.672323,,,,,,
1015.941565,132.672843,,,,,,
1015.941565,132.675448,,,,,,
1015.861487,132.674926,,,,,,
1016.384131,132.676384,,,,,,
1016.449377,132.678364,,,,,,
1016.522375,132.680134,,,,,,
1016.767920,132.681384,,,,,,
1016.783240,132.681696,,,,,,
1017.124792,132.684196,,,,,,
1017.438818,132.685134,,,,,,
1017.362402,132.685550,,,,,,
1017.587012,132.686383,,,,,,
1017.746802,132.688883,,,,,,
1017.962927,132.690966,,,,,,
1018.180945,132.691903,,,,,,
1018.110693,132.693362,,,,,,
1018.491431,132.695133,,,,,,
1018.511694,132.695653,,,,,,
1018.612830,132.697007,,,,,,
1018.853186,132.699091,,,,,,
1019.232153,132.700236,,,,,,
1019.046057,132.701590,,,,,,
1019.392432,132.702528,,,,,,
1019.511633,132.705132,,,,,,
1019.743994,132.705445,,,,,,
1019.927405,132.706903,,,,,,
1019.956396,132.706590,,,,,,
1020.100623,132.707215,,,,,,
1020.493872,132.710340,,,,,,
1020.599158,132.712007,,,,,,
1020.711523,132.713570,,,,,,
1020.955664,132.715028,,,,,,
1021.100500,132.715548,,,,,,
1021.346472,132.716799,,,,,,
1021.447668,132.718674,,,,,,
1021.678931,132.719611,,,,,,
1021.790320,132.720133,,,,,,
1022.061743,132.721903,,,,,,
1021.776526,132.723258,,,,,,
1022.254492,132.724820,,,,,,
1022.413000,132.727112,,,,,,
1022.589270,132.728883,,,,,,
1022.822119,132.729821,,,,,,
1023.148596,132.731071,,,,,,
1022.937109,132.731904,,,,,,
1023.422583,132.732321,,,,,,
1023.490088,132.733675,,,,,,
1023.657080,132.735238,,,,,,
1023.749426,132.736071,,,,,,
1023.979712,132.738364,,,,,,
1024.019202,132.740134,,,,,,
1024.168250,132.740447,,,,,,
1024.509619,132.742010,,,,,,
1024.380164,132.743052,,,,,,
1024.769629,132.744406,,,,,,
1025.061621,132.746073,,,,,,
1025.053870,132.747636,,,,,,
1025.246375,132.750241,,,,,,
1025.339758,132.751491,,,,,,
1025.585303,132.751700,,,,,,
1025.814429,132.752950,,,,,,
1026.025916,132.754720,,,,,,
1025.856360,132.754929,,,,,,
1026.262793,132.756180,,,,,,
1026.369055,132.758159,,,,,,
1026.657019,132.760243,,,,,,
1026.734045,132.759721,,,,,,
1026.924658,132.763056,,,,,,
1027.178442,132.762848,,,,,,
1027.362585,132.764202,,,,,,
1027.363196,132.767433,,,,,,
1027.581458,132.767953,,,,,,
1027.630042,132.770454,,,,,,
1028.061133,132.771392,,,,,,
1028.292639,132.771704,,,,,,
1028.378821,132.773059,,,,,,
1028.385046,132.775143,,,,,,
1028.625952,132.777436,,,,,,
1028.908667,132.777332,,,,,,
1028.977332,132.777957,,,,,,
1029.032813,132.779207,,,,,,
1029.285742,132.781396,,,,,,
1029.343604,132.781917,,,,,,
1029.659033,132.784209,,,,,,
1029.899268,132.784834,,,,,,
1029.918799,132.787231,,,,,,
1030.152808,132.786189,,,,,,
1030.329016,132.789628,,,,,,
1030.388403,132.790149,,,,,,
1030.621008,132.791920,,,,,,
1030.868750,132.793275,,,,,,
1030.829321,132.794526,,,,,,
1030.966772,132.796610,,,,,,
1031.420386,132.798382,,,,,,
1031.364844,132.799319,,,,,,
1031.648291,132.800049,,,,,,
1031.684851,132.800779,,,,,,
1031.790076,132.803280,,,,,,
1032.112585,132.804634,,,,,,
1032.175024,132.804530,,,,,,
1032.452307,132.806824,,,,,,
1032.715918,132.806614,,,,,,
1032.867224,132.809220,,,,,,
1032.914160,132.810471,,,,,,
1033.243445,132.813180,,,,,,
1033.484106,132.813389,,,,,,
1033.410681,132.815057,,,,,,
1033.429480,132.816202,,,,,,
1033.703528,132.818704,,,,,,
1033.843115,132.819329,,,,,,
1034.116431,132.820476,,,,,,
1034.486609,132.821831,,,,,,
1034.574622,132.822769,,,,,,
1034.637549,132.824541,,,,,,
1034.695837,132.826104,,,,,,
1034.933386,132.827251,,,,,,
1035.174048,132.827564,,,,,,
1035.144080,132.830169,,,,,,
1035.475806,132.831733,,,,,,
1035.647253,132.832879,,,,,,
1035.805090,132.834651,,,,,,
1035.953223,132.836006,,,,,,
1036.007849,132.836840,,,,,,
1036.348792,132.838195,,,,,,
1036.382788,132.839029,,,,,,
1036.604834,132.840905,,,,,,
1036.922766,132.841114,,,,,,
1036.890112,132.843199,,,,,,
1037.174841,132.845804,,,,,,
1037.279639,132.845596,,,,,,
1037.415137,132.846951,,,,,,
1037.633215,132.847264,,,,,,
1037.810583,132.848306,,,,,,
1038.040381,132.851016,,,,,,
1038.104590,132.851538,,,,,,
1038.209448,132.853727,,,,,,
1038.452185,132.856021,,,,,,
1038.556067,132.856854,,,,,,
1038.784460,132.857688,,,,,,
1038.858435,132.859877,,,,,,
1039.090125,132.861858,,,,,,
1039.117346,132.861962,,,,,,
1039.466528,132.862796,,,,,,
1039.718481,132.864151,,,,,,
1039.795996,132.866966,,,,,,
1039.876135,132.866653,,,,,,
1040.027625,132.869259,,,,,,
1040.248938,132.871032,,,,,,
1040.433691,132.872179,,,,,,
1040.648230,132.872908,,,,,,
1040.869482,132.873743,,,,,,
1040.915625,132.874055,,,,,,
1040.995215,132.876141,,,,,,
1041.323218,132.877183,,,,,,
1041.532507,132.878330,,,,,,
1041.760596,132.880624,,,,,,
1041.717200,132.881144,,,,,,
1041.927222,132.883647,,,,,,
1041.951208,132.884481,,,,,,
1042.344214,132.886253,,,,,,
1042.369788,132.888130,,,,,,
1042.681982,132.888443,,,,,,
1042.837805,132.889485,,,,,,
1042.901221,132.890840,,,,,,
1043.132056,132.893447,,,,,,
1043.252844,132.893343,,,,,,
1043.433875,132.894802,,,,,,
1043.548621,132.895845,,,,,,
1043.770117,132.898348,,,,,,
1043.998450,132.898973,,,,,,
1044.079199,132.900954,,,,,,
1044.155676,132.901997,,,,,,
1044.395605,132.902102,,,,,,
1044.749182,132.903978,,,,,,
1044.782385,132.905751,,,,,,
1044.948096,132.907106,,,,,,
1045.180212,132.909192,,,,,,
1045.191931,132.909296,,,,,,
1045.386633,132.911799,,,,,,
1045.567664,132.913571,,,,,,
1045.750464,132.914718,,,,,,
1045.899146,132.915343,,,,,,
1046.177954,132.917429,,,,,,
1046.273962,132.918681,,,,,,
1046.392065,132.921809,,,,,,
1046.534094,132.920453,,,,,,
1046.725989,132.922226,,,,,,
1047.017920,132.923477,,,,,,
1047.166113,132.924832,,,,,,
1047.216040,132.925876,,,,,,
1047.553931,132.927649,,,,,,
1047.569250,132.929004,,,,,,
1047.834021,132.930568,,,,,,
1047.963965,132.931611,,,,,,
1048.103369,132.933176,,,,,,
1048.287390,132.934531,,,,,,
1048.475195,132.936721,,,,,,
1048.595068,132.937242,,,,,,
1048.816565,132.937868,,,,,,
1048.937964,132.940163,,,,,,
1048.965979,132.940372,,,,,,
1049.119910,132.941101,,,,,,
1049.539771,132.942874,,,,,,
1049.632117,132.944126,,,,,,
1049.754675,132.945064,,,,,,
1049.854468,132.947880,,,,,,
1050.134924,132.948297,,,,,,
1050.290747,132.950071,,,,,,
1050.307227,132.951426,,,,,,
1050.638770,132.950592,,,,,,
1050.692236,132.953408,,,,,,
1050.845801,132.952886,,,,,,
1051.088293,132.955285,,,,,,
1051.209570,132.956433,,,,,,
1051.444617,132.959144,,,,,,
1051.565039,132.959353,,,,,,
1051.763525,132.961960,,,,,,
1051.902625,132.963837,,,,,,
1052.025549,132.964046,,,,,,
1052.167151,132.966967,,,,,,
1052.423438,132.968740,,,,,,
1052.664160,132.969574,,,,,,
1052.697852,132.971452,,,,,,
1052.987830,132.971764,,,,,,
1053.199927,132.973121,,,,,,
1053.286108,132.974059,,,,,,
1053.410071,132.974998,,,,,,
1053.585791,132.977710,,,,,,
1053.791663,132.978649,,,,,,
1053.993262,132.980735,,,,,,
1054.151587,132.981153,,,,,,
1054.254187,132.983134,,,,,,
1054.444800,132.984281,,,,,,
1054.610876,132.985221,,,,,,
1054.705054,132.987515,,,,,,
1054.950842,132.988141,,,,,,
1055.284644,132.990436,,,,,,
1055.384375,132.990436,,,,,,
1055.539526,132.992626,,,,,,
1055.729163,132.993774,,,,,,
1055.776648,132.994088,,,,,,
1055.993384,132.996695,,,,,,
1056.107764,132.998676,,,,,,
1056.339697,132.999511,,,,,,
1056.308691,133.000137,,,,,,
1056.614844,133.001806,,,,,,
1056.796912,133.002537,,,,,,
1056.921606,133.004206,,,,,,
1057.186560,133.005249,,,,,,
1057.271887,133.005771,,,,,,
1057.457312,133.006709,,,,,,
1057.461768,133.006292,,,,,,
1057.743445,133.009110,,,,,,
1057.909399,133.011613,,,,,,
1058.153906,133.012656,,,,,,
1058.345129,133.013595,,,,,,
1058.488135,133.014325,,,,,,
1058.448462,133.016620,,,,,,
1058.733618,133.017142,,,,,,
1058.911353,133.019437,,,,,,
1059.066992,133.019124,,,,,,
1059.096472,133.022880,,,,,,
1059.400977,133.023193,,,,,,
1059.616797,133.024654,,,,,,
1059.631934,133.025801,,,,,,
1059.854590,133.026323,,,,,,
1060.134558,133.028097,,,,,,
1060.407751,133.030288,,,,,,
1060.519324,133.031645,,,,,,
1060.624243,133.032061,,,,,,
1060.676489,133.033627,,,,,,
1060.961462,133.035192,,,,,,
1061.052039,133.035192,,,,,,
1061.247351,133.037905,,,,,,
1061.449316,133.040096,,,,,,
1061.663977,133.039261,,,,,,
1061.748511,133.042287,,,,,,
1061.925146,133.042704,,,,,,
1062.129126,133.042913,,,,,,
1062.281104,133.045104,,,,,,
1062.489844,133.046773,,,,,,
1062.566077,133.048965,,,,,,
1062.566687,133.049904,,,,,,
1062.993506,133.053347,,,,,,
1063.056860,133.053764,,,,,,
1063.366919,133.055851,,,,,,
1063.419836,133.055852,,,,,,
1063.583289,133.057000,,,,,,
1063.707251,133.058043,,,,,,
1063.924475,133.058774,,,,,,
1064.000037,133.060235,,,,,,
1064.209814,133.062217,,,,,,
1064.502356,133.063469,,,,,,
1064.548865,133.064930,,,,,,
1064.827429,133.065139,,,,,,
1065.033484,133.067957,,,,,,
1065.164282,133.068791,,,,,,
1065.178503,133.069731,,,,,,
1065.545081,133.072757,,,,,,
1065.664221,133.072653,,,,,,
1065.818701,133.072757,,,,,,
1065.993079,133.075366,,,,,,
1066.139563,133.076201,,,,,,
1066.256140,133.076514,,,,,,
1066.515967,133.078706,,,,,,
1066.521887,133.079958,,,,,,
1066.876807,133.081836,,,,,,
1066.912512,133.082879,,,,,,
1067.228918,133.084862,,,,,,
1067.242224,133.085906,,,,,,
1067.368872,133.086532,,,,,,
1067.478613,133.088515,,,,,,
1067.782324,133.089559,,,,,,
1068.042151,133.091855,,,,,,
1068.107153,133.093108,,,,,,
1068.257178,133.093943,,,,,,
1068.399939,133.096447,,,,,,
1068.473242,133.096656,,,,,,
1068.721167,133.098222,,,,,,
1068.902441,133.100413,,,,,,
1069.108313,133.101144,,,,,,
1069.261633,133.102710,,,,,,
1069.385779,133.103336,,,,,,
1069.637854,133.104484,,,,,,
1069.974097,133.105528,,,,,,
1069.860205,133.107511,,,,,,
1070.047522,133.108659,,,,,,
1070.370337,133.110642,,,,,,
1070.458899,133.111164,,,,,,
1070.572607,133.113565,,,,,,
1070.729529,133.113043,,,,,,
1070.999304,133.116279,,,,,,
1071.018469,133.118887,,,,,,
1071.419653,133.119097,,,,,,
1071.453223,133.119723,,,,,,
1071.733069,133.120140,,,,,,
1071.879065,133.122124,,,,,,
1071.925146,133.123585,,,,,,
1071.996130,133.124107,,,,,,
1072.233679,133.125568,,,,,,
1072.527380,133.127657,,,,,,
1072.637915,133.129431,,,,,,
1072.794714,133.130475,,,,,,
1072.927649,133.132771,,,,,,
1073.114355,133.133294,,,,,,
1073.186072,133.135172,,,,,,